Name,Url,Authority,Started On,Finished On,License Number
CPA - 10,,ANBIMA Certificação e Educação,Dec 2020,Dec 2023,F7I6-R8F0-U7X6
Curso Excel : Do Básico ao Avançado,https://www.udemy.com/certificate/UC-c80113ba-7154-4602-8fd1-ff09cd802197/,Udemy,Dec 2020,,
Power BI Completo - Do Básico ao Avançado,https://www.udemy.com/certificate/UC-9ed5d78a-07dc-48d7-87dd-9ade66c3021b/,Udemy,Aug 2021,,UC-9ed5d78a-07dc-48d7-87dd-9ade66c3021b
"Foundations: Data, Data, Everywhere",https://coursera.org/share/436de1f1cca11848ab20cb43a2bacb7c,Coursera | Google,Nov 2021,,
SQL Server Developer,https://www.datacamp.com/statement-of-accomplishment/track/559a5e94466bf19a867b4f3861b6d67a61200745,DataCamp,Mar 2023,Mar 2025,
