Organization,Followed On
Clevertech,Wed Nov 22 23:39:38 UTC 2023
Trampar na Gringa,Sun Nov 19 16:24:41 UTC 2023
Remotar,Sat Nov 18 03:50:40 UTC 2023
Active BI,Fri Nov 17 03:55:52 UTC 2023
Base dos Dados,Thu Nov 09 20:11:40 UTC 2023
Preditiva Analytics,Thu Nov 09 20:11:36 UTC 2023
Vagas de Dados Júnior,Mon Oct 30 17:11:54 UTC 2023
Datum ,Mon Oct 30 12:57:10 UTC 2023
Neurotech | Uma empresa B3,Fri Oct 27 21:54:41 UTC 2023
Machine Learning,Wed Oct 25 23:39:30 UTC 2023
Dataside,Fri Sep 15 11:40:08 UTC 2023
Linx,Mon Sep 11 20:53:41 UTC 2023
ESX,Tue Aug 01 14:13:17 UTC 2023
GitHub Brasil,Thu Jun 08 14:05:44 UTC 2023
Programadores Brasil,Thu Jun 08 11:26:18 UTC 2023
Hashtag Treinamentos,Thu Jun 08 11:26:15 UTC 2023
Data Science Academy,Wed Jun 07 20:26:27 UTC 2023
Learnlight,Wed May 24 20:07:06 UTC 2023
Wolf,Sun May 07 01:39:07 UTC 2023
GrupoRV,Sun Apr 02 13:40:35 UTC 2023
Accenture Brasil,Mon Feb 13 21:14:46 UTC 2023
Accenture,Mon Feb 13 21:14:31 UTC 2023
Stone,Tue Apr 11 14:24:42 UTC 2023
Anhanguera Educacional,Sat Oct 08 01:05:03 UTC 2022
Stack Overflow,Fri Sep 23 19:20:35 UTC 2022
Safra,Sat Aug 20 04:25:36 UTC 2022
Pantone,Tue Aug 02 20:21:20 UTC 2022
Google,Wed Jun 22 18:48:28 UTC 2022
Netflix,Wed Jun 22 18:48:27 UTC 2022
3tentos,Wed Jun 22 18:48:08 UTC 2022
Locaweb,Wed Jun 22 18:47:46 UTC 2022
Itaúsa,Wed Apr 06 02:08:26 UTC 2022
Mercado Livre,Sat Mar 05 15:52:47 UTC 2022
Vagas.com,Sun Feb 27 02:42:35 UTC 2022
B3,Fri Feb 25 19:05:51 UTC 2022
BTG Pactual,Fri Feb 25 03:03:54 UTC 2022
IBM,Wed Feb 23 18:26:50 UTC 2022
Power BI,Sun Feb 20 01:18:09 UTC 2022
EZTEC,Wed Feb 16 20:57:03 UTC 2022
PagBank,Mon Feb 14 14:52:38 UTC 2022
Carneiros Temporada,Tue Feb 01 22:26:48 UTC 2022
Inter,Sun Oct 03 01:30:21 UTC 2021
Itaú Unibanco,Fri Sep 17 00:44:56 UTC 2021
Nubank,Mon Sep 06 01:27:19 UTC 2021