Endorsement Date,Skill Name,Endorser First Name,Endorser Last Name,Endorser Public Url,Endorsement Status
2023/12/20 01:58:18 UTC,Data Visualization,Júlia,Machado,www.linkedin.com/in/júlia-machado,ACCEPTED
2023/12/20 01:58:16 UTC,Business Intelligence (BI),Júlia,Machado,www.linkedin.com/in/júlia-machado,ACCEPTED
2023/12/20 01:58:14 UTC,Pandas,Júlia,Machado,www.linkedin.com/in/júlia-machado,ACCEPTED
2023/12/20 01:58:06 UTC,Data Modeling,Júlia,Machado,www.linkedin.com/in/júlia-machado,ACCEPTED
2023/12/20 01:58:05 UTC,DAX,Júlia,Machado,www.linkedin.com/in/júlia-machado,ACCEPTED
2023/12/20 01:58:02 UTC,Dashboard,Júlia,Machado,www.linkedin.com/in/júlia-machado,ACCEPTED
2023/12/20 01:58:00 UTC,Dashboard Metrics,Júlia,Machado,www.linkedin.com/in/júlia-machado,ACCEPTED
2023/12/20 01:57:56 UTC,KPI Dashboards,Júlia,Machado,www.linkedin.com/in/júlia-machado,ACCEPTED
2023/12/20 01:57:49 UTC,Transactions,Júlia,Machado,www.linkedin.com/in/júlia-machado,ACCEPTED
2023/12/20 01:57:44 UTC,triggers,Júlia,Machado,www.linkedin.com/in/júlia-machado,ACCEPTED
2023/12/20 01:57:43 UTC,Stored Procedures de T-SQL,Júlia,Machado,www.linkedin.com/in/júlia-machado,ACCEPTED
2023/12/20 01:57:39 UTC,Inglês,Júlia,Machado,www.linkedin.com/in/júlia-machado,ACCEPTED
2023/12/20 01:57:37 UTC,Aprendizado de máquina,Júlia,Machado,www.linkedin.com/in/júlia-machado,ACCEPTED
2023/12/20 01:57:24 UTC,Git,Júlia,Machado,www.linkedin.com/in/júlia-machado,ACCEPTED
2023/12/20 01:57:14 UTC,C (linguagem de programação),Júlia,Machado,www.linkedin.com/in/júlia-machado,ACCEPTED
2023/12/20 01:57:13 UTC,Automação de testes,Júlia,Machado,www.linkedin.com/in/júlia-machado,ACCEPTED
2021/10/08 13:08:22 UTC,Microsoft Power BI,Júlia,Machado,www.linkedin.com/in/júlia-machado,ACCEPTED
2021/10/08 13:07:41 UTC,Capacidade analítica,Júlia,Machado,www.linkedin.com/in/júlia-machado,ACCEPTED
2021/10/08 13:06:39 UTC,Microsoft Excel,Júlia,Machado,www.linkedin.com/in/júlia-machado,ACCEPTED
2021/10/07 22:10:12 UTC,Capacidade analítica,Gabriela,Freitas,www.linkedin.com/in/gabrielafalbuquerque,ACCEPTED
2021/10/07 22:09:59 UTC,Microsoft Excel,Gabriela,Freitas,www.linkedin.com/in/gabrielafalbuquerque,ACCEPTED
