Content Title,Content Description,Content Type,Content Last Watched Date (if viewed),Content Completed At (if completed),Content Saved,Notes taken on videos (if taken),
CONTENT METADATA NO LONGER EXISTS - urn:li:lyndaCourse:3239065,CONTENT METADATA NO LONGER EXISTS - urn:li:lyndaCourse:3239065,Course,2023-03-29 23:33 UTC,N/A,false,N/A,
Creating Maps with R,"If you need to learn more about creating maps with R, this beginner-friendly course introduces an end-to-end mapping workflow and shows you how to import your data directly from Excel to create both static and interactive maps. Instructor Charlie Joey Hadley explains mapping fundamentals, like geo markers, scatter plots, hexbin maps, cartograms, and more. Charlie walks you through processing GIS data from Excel and working with GIS data formats such as raster, vector, sf, and sp. She demonstrates how to create, label, and transform static maps with ggplot2, then dives into building interactive, mobile-ready maps using Leaflet, an HTML widget package for creating interactive maps with R. Plus, Charlie covers base maps and tiles, projections, the Coordinate Reference System (CRS), and more.",Course,2023-06-09 15:39 UTC,N/A,false,N/A,
Inteligência Artificial para Negócios em Dez Minutos,"O que realmente está por trás do termo ""inteligência artificial"" e como ele se aplica às empresas e suas atividades diárias? <br><br>Neste curso de apenas 10 minutos, Steven Mc Auley desmistifica o universo da inteligência artificial ​​para você. Descubra a relevância da inteligência artificial ​​para as empresas e em quais áreas e indústrias ela pode ser aplicada.",Course,2022-04-10 00:02 UTC,N/A,false,N/A,
Apache PySpark by Example,"Want to get up and running with Apache Spark as soon as possible? If you're well versed in Python, the Spark Python API (PySpark) is your ticket to accessing the power of this hugely popular big data platform. This practical, hands-on course helps you get comfortable with PySpark, explaining what it has to offer and how it can enhance your data science work. To begin, instructor Jonathan Fernandes digs into the Spark ecosystem, detailing its advantages over other data science platforms, APIs, and tool sets. Next, he looks at the DataFrame API and how it's the platform's answer to many big data challenges. Finally, he goes over Resilient Distributed Datasets (RDDs), the building blocks of Spark.",Course,2023-10-09 20:44 UTC,N/A,false,N/A,
Advanced PostgreSQL,"PostgreSQL is a powerful, open-source, object-relational database system. It’s popular around the world, given its strong reputation for reliability, feature robustness, and performance. In this course, Janani Ravi dives into advanced topics in PostgreSQL. After showing how to install and set up PostgreSQL, Janani shows you how to work with geospatial data, which allows you to specify geographic objects such as locations, lines, and polygons, all on a geographic map, and also supports location-based queries like distance computation and area computation. Next, learn about performing full-text search operations, and how to work with triggers, which let you set up an automated execution of a function when a certain type of operation is performed. Finally, Janani explores transactions, which allow you to bundle multiple steps into a single, all-or-nothing operation.",Course,2023-10-19 23:00 UTC,N/A,false,N/A,
How to Talk to Anyone (Blinkist Summary),"For better or for worse, first impressions matter, and when you meet someone for the first time, the way you appear and behave is seared into their brain and this impression will undoubtedly influence all future dealings with that person. How you greet someone matters, and how you act during an interaction matters. People can spot a fake smile, or notice when you don’t make eye contact. Even subconscious behaviors like touching your face can influence your perceived credibility. This audiobook summary of Leil Lowndes’ <i>How To Talk to Anyone</i> offers an indispensable guide to improving your conversations and becoming more graceful and effective in your social interactions—no matter the situation. The course offers a treasure trove of techniques and tips that can help any socially awkward individual gain more confidence in workplace environments, meetings, their private lives, and at parties.
<br><br>
Note: This audiobook summary was produced by <a href=""https://www.blinkist.com/?utm_source=linkedinlearning&utm_medium=partner&utm_campaign=COURSE TITLE""target=""_blank"">Blinkist</a>. We are pleased to host this content in our library.",Course,2023-05-11 23:39 UTC,N/A,false,N/A,
Learning Python,"Python—the popular and highly-readable object-oriented language—is both powerful and relatively easy to learn. Whether you're new to programming or an experienced developer, this course can help you get started with Python. Joe Marini provides an overview of the installation process, basic Python syntax, and an example of how to construct and run a simple Python program. Learn to work with dates and times, read and write files, and retrieve and parse HTML, JSON, and XML data from the web.
<p>This course includes Code Challenges powered by CoderPad. Code Challenges are interactive coding exercises with real-time feedback, so you can get hands-on coding practice alongside the course content to advance your programming skills.</p>",Course,2023-04-18 14:05 UTC,N/A,false,N/A,
SQL Weekly Tips,"Structured Query Language (SQL) is a vital tool in a data professional’s toolkit. You can use it to manage data in relational databases, perform various operations on the data you can manage, and more. In this series, Mark Niemann-Ross introduces you to a variety of useful tips, tricks, styles, and details to help you fine-tune and enhance the ways you use SQL. Mark breaks down SQL topics, ranging from formatting styles to selecting random numbers, into manageable chunks that you can enjoy over a lunch break or any other time that you have a few spare minutes to learn.",Course,2023-09-19 12:38 UTC,N/A,false,N/A,
Intermediate SQL for Data Scientists,"There is an increasing need for data scientists and analysts to understand relational data stores. Organizations have long used SQL databases to store transactional data as well as business intelligence related data. This course was designed for data scientists who need to work with SQL databases. Specifically, it was designed to help these professionals learn how to perform common data science tasks, including exploration and extraction of data within relational databases.<br><br>Instructor Dan Sullivan kicks off the course with a brief overview of SQL data manipulation and data definition commands. He then focuses on how to use SQL queries to prepare data for analysis; leverage statistical functions to better understand that data; and work with aggregates, window operations, and more.",Course,2023-05-04 11:22 UTC,N/A,false,N/A,
Getting Started with Power BI,"Learn how to view and manipulate data in Power BI Service, the online version of the popular Microsoft data visualization tool. Gini von Courter explores the features used most by Power BI “consumers”— the end users of Power BI content such as dashboards and reports. Learn how to sign up for Power BI and navigate a typical app. Gini then shows how to subscribe to dashboards—collections of visualizations taken from reports and workbooks—and view individual tiles, add comments, set alerts, and share dashboards and tiles with team members. Next you can explore reports, which display data in more detail. Gini shows how to sort and filter, export, and share reports, either directly through Power BI or as a PowerPoint or PDF export. Finally, learn how to view your dashboards and reports on the go using the Power BI mobile app.",Course,2023-05-20 08:53 UTC,N/A,false,N/A,
Linguagem de Programação R para Ciência de Dados: Formação Básica,"Dados possuem uma relevância cada vez maior na nossa sociedade, contudo o processo de extrair valor dos dados não é trivial. Neste curso contextualizaremos a linguagem R como uma excelente aliada para este desafio. Aqui, além de aprender como executar etapas como: importação, exploração, transformação e visualização de dados, você terá um primeiro contato com etapas mais avançadas, como os modelos preditivo e prescritivo. Ao completar este curso você entenderá como organizar a sua análise e quais conceitos-chave podem ser considerados, além de muitas dicas e referências para que você possa explorar o universo da Ciência de Dados de acordo com as suas próprias necessidades.",Course,2023-09-14 13:05 UTC,N/A,false,N/A,
Hands-On Data Science: 1 Analyzing Employee Data with SQL,"If you’re interested in working in the field of data or looking to advance in the field, you need a foundational knowledge of several key areas of data science. Not only that, you need to be able to demonstrate that knowledge. In this four-part, hands-on series, Ben Sullins shows how to build four distinct data science projects using SQL, Tableau, Python, and Spark. In this first installment, Ben uses SQL to analyze employee data, which is notoriously difficult to analyze given its structure. He breaks down the specific structure of employee data, and the best way to track this kind of information, then covers how you can start answering specific questions utilizing SQL. Finally, he gives advice on how to present your data, considering both your audience and the visuals you use, in order to convey your knowledge of the subject.
<br><br>
Note: This course was created by Free the Data Academy. We are pleased to host this training in our library.",Course,2023-10-21 23:43 UTC,N/A,false,N/A,
Introdução ao Python para Excel,"Este curso trará a você conceitos essenciais de manipulação do Excel com o uso dessa linguagem versátil de desenvolvimento. Você aprenderá como utilizar algumas das bibliotecas de manipulação do Excel e faremos a geração de códigos de barras, QR Codes, gráficos e utilizaremos outros recursos do ambiente, unindo essas duas incríveis ferramentas. Utilizaremos o Visual Studio Code para fazer a codificação e criação de nossos scripts!",Course,2023-02-27 00:04 UTC,N/A,false,N/A,
Social Media Marketing with Facebook and Twitter,"Social media is everywhere, but how can you use it to promote your business? In this course, marketing expert Megan Adams shows you how to craft, execute, measure, and optimize a winning social media marketing strategy. Learn how Facebook and Twitter are complementary, and how to map your strategy to successfully leverage both. Megan explains the unique features of each platform—like Twitter's creator tools and Insights hub, and Facebook Shops and Facebook Business Suite—and discusses how to maximize your reach by attracting more followers and fans. Megan also shows how to write engaging, high-quality content that interests your target audience. Craft a winning social media marketing strategy for Facebook and Twitter with the practical guidance outlined in this course.",Course,2023-06-02 12:16 UTC,N/A,false,N/A,
Formação Básica em Word (Office 365/Microsoft 365),"Este é um curso sobre o editor de Textos Word do pacote Office 365 (Microsoft 365) na sua versão mais atualizada. Aprenda conceitos essenciais para tornar seus documentos incríveis, utilizando recursos desse sensacional aplicativo! Você aprenderá a diagramar seu documento de forma correta e ainda utilizar recursos como tabelas, inserção e posicionamento de imagens além de personalizar seus documentos para dar uma aparência profissional em seus textos.",Course,2022-09-04 13:31 UTC,N/A,false,N/A,
Azure Data Fundamentals (DP-900) Cert Prep: 1 Core Data Concepts,"The word is data. It’s all around you. You can try to avoid it, but no matter where you go, data is always there, right behind you. Because let’s face it: in today’s world, if you want to understand your customers and competitors and make better decisions for your business, you can’t do it alone—you need data, and lots of it, to create lasting transformation.<br><br>In this course, instructor Gregor Suttie goes over the core data concepts on the DP-900 Microsoft Azure Data Fundamentals certification exam. He covers data types, data analysis techniques, and how to work with relational and nonrelational data. Find out more about managing data analytics workloads, using built-in tools within Azure, creating visualizations, and processing datasets so you can get ready to tackle the exam.",Course,2023-08-20 11:26 UTC,N/A,false,N/A,
Introdução à Ciência de Dados: Como Contar Histórias com Dados,"Muitos antropólogos acreditam que nossos primeiros ancestrais construíram sociedades em torno de histórias de fogueira sobre justiça, liderança e governo. As equipes de ciência de dados têm ideias complexas sobre os dados e resultados. Por isso, é necessária uma história bem estruturada para comunicar os insights ao restante da organização. Não se trata de apenas criar a planilha Excel perfeita ou um gráfico bonito. É preciso contar uma história que cative o público e o incentive a agir. Neste curso, o instrutor Doug Rose explica como compor uma ótima história de ciência de dados que atraia o público, para comunicar ideias complexas, e motive as pessoas a fazerem mudanças reais.",Course,2022-08-28 11:01 UTC,N/A,false,N/A,
Azure Spark Databricks Essential Training,"Apache Spark and Microsoft Azure are two of the most in-demand platforms and technology sets in use by today's data science teams. These two platforms join forces in Azure Databricks‚ an Apache Spark-based analytics platform designed to make the work of data analytics easier and more collaborative. In this course, Lynn Langit digs into patterns, tools, and best practices that can help developers and DevOps specialists use Azure Databricks to efficiently build big data solutions on Apache Spark. Lynn covers how to set up clusters and use Azure Databricks notebooks, jobs, and services to implement big data workloads. She also explores data pipelines with Azure Databricks—including how to use ML Pipelines—as well as architectural patterns for machine learning.",Course,2023-10-31 18:39 UTC,N/A,false,N/A,
CONTENT METADATA NO LONGER EXISTS - urn:li:lyndaCourse:3239033,CONTENT METADATA NO LONGER EXISTS - urn:li:lyndaCourse:3239033,Course,2022-09-24 16:41 UTC,N/A,false,N/A,
Implementing a Data Warehouse with SQL Server 2022,"Data warehouses solve fundamentally different problems than a traditional transactional database, and SQL Server Data Warehouses provide a different model for storing valuable data. In this course, database expert Adam Wilbert guides you through the process of developing data warehouses in SQL Server 2022 to provide a robust, trustworthy platform to serve all your business intelligence reporting and analysis workloads. Explore data warehouse foundations, then get started creating a data warehouse in SQL Server. Learn about columnstore indexes, as well as how to automate the tasks associated with integrating multiple data sources together into a warehouse. Find out how to implement an Azure Synapse Analytics Dedicated SQL Pool and enforce data quality using Data Quality Services. Discover ways to use Master Data Services, plus learn how to consume data from your warehouse with business intelligence applications.",Course,2023-08-04 21:38 UTC,N/A,false,N/A,
Data Analysis: Investigate with SQL,"<p>Are you looking to enhance your skills in data analysis and become a valuable asset in today's data-driven business world? Learning SQL, the widely used language for managing relational databases, can be a game changer for you.</p><p>In this course, you will learn the fundamental skills needed to navigate and analyze data effectively. Discover the basic structure of relational databases, how they work, and their importance to businesses. You'll also explore the top SQL queries, including the WHERE clause and operators such as IN, BETWEEN, AND, and OR, and how and when to use them for efficient data analysis. By the end of the course, you'll have the knowledge and skills to access, warehouse, and analyze data efficiently. You'll be able to make better decisions and gain valuable insights into the data that matters most. Don't miss out on the chance to enhance your skills and become a valuable asset in today's data-driven world.</p>",Course,2023-12-27 20:41 UTC,N/A,false,N/A,
Descubra o Power BI,"Esse curso é direcionado para profissionais que precisam analisar dados e querem aumentar sua produtividade utilizando uma das melhores ferramentas de business intelligence da atualidade. Nesse curso, serão abordadas técnicas de preparação, modelagem, visualização e compartilhamento de relatórios e painéis utilizando o Power BI Desktop e Power BI Serviço. Também teremos uma introdução sobre suas diversas plataformas, tipos de contas e sobre o que é business intelligence.",Course,2022-07-18 18:56 UTC,N/A,false,N/A,
SQL Server Machine Learning Services: R,"SQL Server now includes support for direct execution of R code. This integration allows complex data science analyses to be performed quickly in a secure environment, without having to export data sets first. In this course, database expert Adam Wilbert walks through the steps of enabling the required components—including Machine Learning Services for R—and writing basic R scripts. He also shows how to retrieve and work with data stored in SQL Server tables, create data visualizations with external R libraries, and package scripts as stored procedures. At the end of the course, traditional SQL Server users will be able to dive deeper into using R and traditional R developers will be able to take advantage of using SQL Server as the source of data to create higher-performing analyses.",Course,2023-01-15 22:00 UTC,N/A,false,N/A,
Python Statistics Essential Training,"The field of statistics has become increasingly dependent on data analysis and interpretation using Python. With the rise of big data and data science, the demand for professionals who can effectively analyze and interpret data using Python has skyrocketed. In this course, Matt Harrison teaches you how to collect, clean, analyze, and visualize data using the powerful tools of the Python programming language. Join Matt as he gives into the various techniques that form the backbone of statistics and helps you understand the data with summary statistics and visualizations. He explains how to create predictive models using both linear regression andXGBoost, and wraps up the course with a look at hypothesis testing.
If you’re interested in exploring statistics using a code-first approach, join Matt in this course as he shows you how to use Python to unlock the power of data.",Course,2023-09-25 12:16 UTC,N/A,false,N/A,
Advanced SQL for Data Scientists,"Many data scientists know how to work with SQL—the industry-standard language for data analysis. But as data sizes grow, you need to know how to do more than simply read and write from a database. This course provides a more sophisticated approach to designing data models and optimizing queries in SQL. Instructor Dan Sullivan begins with the logical and physical design of tables—with particular focus on very large databases—and then presents a deep dive review of indexes, including specialized indexes and when to use them. The next section introduces query optimization and shows how to optimize basic, multi-join, and more complex queries. The course also covers SQL extensions, including user-defined functions and specialized data types. The techniques taught here enable more efficient analysis of large data sets using SQL, statistics, and custom business logic.",Course,2022-11-24 21:02 UTC,N/A,false,N/A,
Intermediate SQL: Data Reporting and Analysis,"If you’re already familiar with the fundamentals of SQL covered in our introductory course on <i>SQL: Data Reporting and Analysis</i>, you may be interested in taking your skills to the next level and learning a few more new tricks of the trade. Join data consultant Emma Saunders in this hands-on, practical follow-up, designed specifically to help you grow beyond the basics so you can start writing more complex queries to change data in the database instead of just reporting it.<br><br>Expand your SQL toolbox, including how to query data in real time for reporting, editing, inserting, and deleting. Learn new date, number, and string functions to manipulate data as you retrieve it. Along the way, test out your technical know-how with the coding challenges and quizzes at the end of each section.",Course,2023-05-11 23:39 UTC,N/A,false,N/A,
Gerenciar Projetos com o Microsoft 365,"Como gerente de projeto, você provavelmente sabe a importância de poder estar sempre em cima de tudo. E também sabe o desafio que isso pode ser. Este curso lhe dará as habilidades necessárias para gerenciar projetos de forma mais eficaz, utilizando as ferramentas Microsoft 365 para fazê-lo. Seu instrutor, Mário Trentim, compartilhará o valor que as Listas da Microsoft podem oferecer. Depois, mergulhará no uso do Planner 365 da Microsoft para ajudá-lo a criar seu plano de projeto e gerenciá-lo ao longo do tempo. Em seguida, dê um passo em frente no gerenciamento de seus projetos com o Microsoft Project, incluindo recursos que permitem incorporar diferentes abordagens e metodologias de gerenciamento de projeto. Finalmente, Mário reitera casos de uso comum para cada projeto específico, garantindo que você possa se sentir confiante nas ferramentas que está usando. Depois de assistir a este curso, você será capaz de organizar, planejar e executar projetos enquanto rastreia insights com facilidade.",Course,2022-11-03 00:36 UTC,N/A,false,N/A,
Tableau Beyond the Basics: Growing Your Analytics and Business Intelligence Toolkit,"When it comes to business intelligence tools, Tableau is a market leader that offers data professionals the tools they need to review, assess, and communicate data quickly and effectively.  However, learning how to unlock the power of Tableau to become an expert analyst can seem daunting at the outset. In this course, instructor George Lynch provides use hands-on exercises to get you over the initial hump and on your way to having a robust toolkit to analyze and communicate data with Tableau. Practice parameterizing graphics, applying and combining functions, overlaying multiple data sources, using advanced analytics, and much more to produce complex and engaging visuals from distributions to maps. Join George as he teaches you how to effectively use Tableau to help your team and clients meet business objectives and solve problems and continue on your path of becoming a Tableau expert.",Course,2023-05-26 11:46 UTC,N/A,false,N/A,
Power BI: Integrating AI and Machine Learning,"Power BI is a powerful data analytics and visualization tool that allows business users to monitor data, analyze trends, and make decisions. Every month, Microsoft pushes Power BI updates out to the end users, and the growth of Power BI is a key part of Microsoft’s current strategy. This course showcases existing AI and machine learning capabilities available directly in accessible Power BI functionalities. Data analytics and business analysis expert Helen Wall gives you a useful overview of Power BI, then dives into the steps to configure Power Query and your data model. Helen steps through analyzing single variables and shows you the tools and techniques to measure relationships between variables. She shows you visuals that you can use to pose and answer questions in Power BI, explains useful techniques to enhance your analysis of time series data, and walks you through some best practices for sharing your analysis.",Course,2023-07-04 16:46 UTC,N/A,false,N/A,
Excel: Mastering Pivot Table Dashboards and Reports,"PivotTables are one of the most important features available in Microsoft Excel. They simplify data analysis, allowing you to create summaries and reports instantly, and they just got even better. The new Excel data model takes things a step further by letting you connect PivotTables to build out a miniature database. In this course, instructor Jordan Goldmeier shows you how to get up and running with PivotTable basics. Discover an approachable, foolproof way of thinking about PivotTables that allows you to build summaries across different column fields with ease from any dataset. Along the way, learn how to use PivotTable connections to create an interactive dashboard for replication and reuse.",Course,2023-10-03 11:28 UTC,N/A,false,N/A,
Advanced Web APIs with ASP.NET Core in .NET 6,"Web APIs drive the most popular web and mobile apps, as well as internet-enabled devices ranging from fridges to phones. Have you already built a web API of your own and want to take it to the next level? In this course, instructor Christian Wenz covers several advanced features ASP.NET Core Web API offers. Christian covers topics that include API versioning, securing your API, and more.",Course,2023-10-05 16:29 UTC,N/A,false,N/A,
Git e GitHub: Formação Básica,"O controle de versão é uma habilidade essencial a ser dominada pela pessoas desenvolvedoras. O Git é de longe o sistema de controle de versão mais popular na web. Neste curso, a autora Amanda Cavallaro mostra como instalar o Git e usar os comandos fundamentais que você precisa para trabalhar com projetos Git: mover arquivos, gerenciar logs e trabalhar com branches (ramificações). Além disso, você aprenderá a trabalhar com o GitHub para explorar projetos existentes, clona-los em seu disco rígido local e utiliza-los como modelos para seus novos projetos.",Course,2023-03-06 18:27 UTC,N/A,false,N/A,
Predictive Analytics Essential Training: Data Mining,"Are you a data science practitioner, looking to develop or enhance your skills in predictive analysis and data mining? This course provides several “big picture” insights, via instructor Keith McCormick, a veteran practitioner who has completed dozens of real-world projects. Keith begins by introducing you to key definitions and processes that you will need to complete the course successfully. He steps you through defining the problem you need your predictive analysis to address, then focuses on how to make sure you meet the data requirements and how good data preparation improves your data mining projects.  Keith dives into the skill sets and resources that you need and the problems you will face. Then he goes over the steps to find the solution and put it to work with probabilities, propensities, missing data, meta modeling, and much more. Keith finishes up with detailed explanations of CRISP-DM and Tom Khabaza’s nine laws of data mining, plus Tom’s new 10th law.",Course,2023-05-08 22:02 UTC,N/A,false,N/A,
CONTENT METADATA NO LONGER EXISTS - urn:li:lyndaCourse:3234022,CONTENT METADATA NO LONGER EXISTS - urn:li:lyndaCourse:3234022,Course,2023-02-15 23:20 UTC,N/A,false,N/A,
Machine Learning with Python: Foundations,"You’ve probably heard about machine learning before, but have you ever wondered what that term really means? How does a machine learn? Have you thought about building a machine learning model, but didn’t know where to start?
In this course, Frederick Nwanganga introduces machine learning in an approachable way and provides step-by-step guidance on how to get started with machine learning via the most in-demand language in use today, Python. Frederick starts with exactly what it means for machines to learn and the different ways they learn, then gets into how to collect, understand, and prepare data for machine learning. He also provides guided examples of how to accomplish each step using Python. Finally, he brings it all together to build, evaluate, and interpret the results of a machine learning model in Python.",Course,2023-01-07 14:45 UTC,N/A,false,N/A,
Big Data e Inteligência Artificial: O Poder dos Dados,"Talvez a empolgação com o Big Data tenha chegado ao auge vários anos atrás, mas ele está longe do fim. Na verdade, o Big Data é a base de algumas das tecnologias mais entusiasmantes de hoje. A inteligência artificial (IA), o aprendizado de máquina e a ciência de dados dependem do Big Data – dados que, em virtude de sua velocidade, volume ou variedade, não podem ser facilmente armazenados ou analisados por métodos tradicionais. Neste curso, Barton Poulson explica como o Big Data funciona e molda nosso universo de dados moderno. Barton analisa a relação entre Big Data e IA, ciência de dados, redes sociais e internet das coisas (IoT), levantando as questões éticas por trás do uso do Big Data. Além disso, aborda técnicas de análise de Big Data, inclusive mineração de dados e análise preditiva.",Course,2022-05-08 22:11 UTC,N/A,false,N/A,
Excel: Como Criar um Dashboard Básico (365/2019),"O curso Excel: Como Criar um Dashboard Básico aplicará os principais conhecimentos no Excel em suas fórmulas, funções, gráficos, tabelas e formatações para criação de um painel, também conhecido como ""Dashboard"", que põe em evidência dados com o objetivo de facilitar sua interpretação e consequente tomada de decisão em análises que precisam ser realizadas. O conjunto de técnicas utilizadas potencializará os dados, valorizando as respostas procuradas. Uma das habilidades que desenvolveremos será a adaptação e combinação de conceitos e técnicas aprendidas isoladamente, atuando em conjunto para criação de um painel desses. 
O objetivo desse curso é desenvolvermos juntos um cenário analítico profissional e de fácil interpretação, evidenciando o que há de mais importante nos dados.",Course,2022-05-24 00:42 UTC,N/A,false,N/A,
Introdução às Competências Essenciais para a Carreira de Análise de Dados,"Você está pronto para dar o primeiro passo em sua jornada como analista de dados? Quaisquer que sejam seus objetivos, você não precisa ter experiência em ciência da computação para começar. Neste curso, a instrutora Robin Hunt oferece uma visão abrangente dos bastidores de como é realmente ser um analista de dados, desde a manipulação de conceitos de dados e habilidades de inteligência de negócios até a conquista de seu primeiro cargo e o avanço em sua carreira.<br> <br>Explore o poder dos dados e da análise de dados para desenvolver uma melhor compreensão da função. Saiba mais sobre inteligência de negócios, tomada de decisão orientada por dados, métodos de coleta de dados, descoberta e interpretação, bem como como estruturar, avaliar e transformar dados usando as principais funções do Excel e do Power BI. Reúna insights de Robin sobre modelagem, visualização e mapeamento do mercado de trabalho como analista em início de carreira. Ao final deste curso, você terá as habilidades necessárias para iniciar uma nova carreira e iniciar o exame de certificação Microsoft GSI Data Analytics.",Course,2023-11-20 01:38 UTC,N/A,true,N/A,
Técnicas Avançadas de Power BI,"No curso ""Power BI: Avançado"" exploraremos com mais profundidade técnicas de importação e tratamento de dados, modelagem e cálculos no DAX, criação de visuais compatíveis com seus tipos de dados e publicação e compartilhamento do seu projeto no Power BI Serviço. Exploraremos algumas funções do DAX com detalhes para responder a algumas das principais questões de negócios em organizações. A aplicação de técnicas de Business Intelligence no dia a dia de todo profissional é essencial para comparar, melhorar e ter novas ideias de caminhos e desenvolvimentos que a empresa possa seguir",Course,2022-02-26 00:04 UTC,N/A,true,N/A,
Excel: Introdução às Fórmulas e Funções,"O curso ""Excel: Introdução às Fórmulas e Funções"" explora as principais funções do Excel, bem como seus recursos que facilitam o dia a dia de profissionais, como o ""Atingir Meta"", ""Cenários"" e ""Tabelas de Dados"". Além dessas técnicas, serão exploradas formas de avaliação através de fórmulas, e também apuração de erros, a fim de facilitar a aplicação das técnicas aprendidas. Uma das principais funções do Excel é armazenar cálculos e potencializar sua edição, flexibilizando-o assim para diferentes aplicações de negócios, e com esse curso você será capaz de explorar suas principais aplicações.",Course,2021-01-26 00:14 UTC,N/A,false,N/A,
Fundamentos de Gestão Ágil de Projetos,"Equipes que adotam uma mentalidade ágil costumam responder melhor ao feedback dos clientes e às mudanças nas necessidades comerciais. Além disso, elas se divertem um pouco mais no processo. Tem interesse em implementar os princípios da Gestão Ágil em sua equipe? Este curso pode ajudar. Junte-se a Doug Rose e confira os conceitos fundamentais que você precisa saber para começar a pensar como uma equipe ágil. Ele analisa os valores e princípios incluídos no Manifesto Ágil e explica como melhorar a comunicação com histórias de usuários e equipes multifuncionais. Descubra como reagir às mudanças de maneira ágil, conheça as metodologias ágeis populares e saiba quais são as funções comuns em uma equipe ágil. No decorrer do curso, Doug apresenta alguns exercícios que podem contribuir para aumentar a agilidade e a produtividade de sua equipe.",Course,2023-04-13 21:53 UTC,N/A,false,N/A,
SQL for Data Analysis (2020),"If you’re looking to get Structured Query Language into your application development, but your story is more prequel than SQL, you need to build a solid foundational knowledge of SQL analysis. In this course, instructor Nikiya Simpson starts with a quick review of SQL basics, then focuses on fundamental SQL queries used in beginning data analysis. Nikiya explains the importance of asking the right questions of your data, as well as how those questions translate into SQL. She also shows how these concepts can be used to derive quick insights from your data to help drive effective decision-making. Nikiya finishes the course by demonstrating how to incorporate queries into tools like Microsoft Power BI to help bring you data to life.",Course,2023-05-11 23:38 UTC,N/A,false,N/A,
Descubra o Azure DevOps,"O Azure DevOps é um pacote de serviços para ajudar os desenvolvedores a entregar produtos de alta qualidade com maior agilidade. Inclui pipelines de CI / CD (Azure Pipelines), ferramentas de relatório visual (Azure Boards) e repositórios de código (Azure Repos) para gerenciamento de código e controle de versão. Aprenda como usar esta solução para rastrear trabalho, versionar código, criar e implantar software na nuvem. Ele aborda o Azure DevOps a partir de uma perspectiva de gerenciamento de projetos que incorpora metodologias ágeis como Scrum e Kanban. Ele também mostra como personalizar o Azure DevOps para sua equipe, integrando extensões de produtividade, como Slack e Office.",Course,2022-07-21 15:58 UTC,N/A,false,N/A,
Técnicas Avançadas de Python,"Desenvolva suas habilidades de programação Python. Python é uma ótima opção para implementar vários tipos de soluções, mas para aproveitar ao máximo seu poder e flexibilidade, você precisa dominar as suas funcionalidades avançadas. Neste curso, você pode aprender como aproveitar os recursos avançados do Python como métodos de classe orientadas a objetos, usar o módulo logging para rastrear o desempenho e a atividade do usuário, e como tornar seu código mais eficiente e mais fácil de ler e manter. A instrutora Jessica Temporal também mostra como manipular dados, construir classes e funções personalizadas, criar listas e escrever um código mais elegante e otimizado.",Course,2021-09-23 12:47 UTC,N/A,true,N/A,
A Visualização de Dados para Contar Histórias,"Nosso cérebro foi feito para histórias. Ansiamos por isso. As histórias têm desempenhado um papel fundamental em nossa capacidade de progredir. Portanto, não é de surpreender que a apresentação de dados e informações na forma de histórias maximize a eficácia de nossa comunicação. Quando apresentamos dados na forma de histórias, conseguimos gerar respostas emocionais mais profundas no público-alvo. Bill Shander, especialista em visualização de dados, explica o processo de como transformar “fatos e números” em “histórias” a fim de envolver e atender às nossas expectativas de informações. Este curso é voltado a qualquer pessoa que trabalhe com dados e precise comunicá-los, sejam pesquisadores, analistas de dados, consultores, profissionais de marketing ou jornalistas. Bill mostra como pensar em histórias e criá-las a partir dos dados, analisando a fundo muitas histórias interessantes.",Course,2023-06-26 19:05 UTC,N/A,true,N/A,
Como Responder a Microagressões no Trabalho ,"Neste curso, Toni Lowe, uma palestrante requisitada e líder sênior de RH com especialização em diversidade, inclusão, equidade e pertencimento, ensina como identificar e lidar com ações ou comportamentos intencionais e não intencionais que perpetuam o preconceito em relação a grupos marginalizados no trabalho. Toni identifica as três principais categorias de microagressões: microataques, microinsultos e microinvalidações. Embora a palavra “micro” signifique pequeno, cada instância de microagressão tem um grande impacto na saúde física e bem-estar psicológico do colaborador. Toni sugere etapas práticas para criar espaços seguros no trabalho a fim de enfrentar a situação e desenvolver um sistema de apoio. Ela conclui o curso com sua estrutura de três etapas para lidar com as microagressões.",Course,2022-08-08 00:02 UTC,N/A,false,N/A,
Gráficos no Excel: Uma Visão Aprofundada,"Dados brutos ou apenas informações podem não transmitir a informação de forma apropriada. Gráficos são recursos visuais que facilitam a interpretação desses dados. Além disto, eles são um recurso muito poderoso e fácil de usar, que faz parte do Excel desde suas primeiras versões. <br><br>

Neste curso vamos analisar a maior parte dos gráficos existentes e ainda analisar os seis gráficos novos que foram implementados na versão 2016 do aplicativo. <br><br>

Este é um curso adaptado do instrutor Dennis Taylor e você verá como utilizar recursos dos gráficos de coluna, barra e linha, pizza, além de aprender a manipular seus componentes e recursos. 
Depois de ver esse curso você conseguirá avaliar qual o melhor gráfico para a análise que estiver desenvolvendo.<br><br>

Aprenda como ajustar a cor e o estilo do seu gráfico; adicionar títulos, rótulos e legendas; insira formas, figuras e caixas de texto, além de extrair dados de várias fontes. <br>
Praticando todos os conceitos abordados neste curso você conseguirá criar excelentes gráficos, além de imprimí-los e compartilhá-los.",Course,2022-06-15 21:11 UTC,N/A,false,N/A,
Cert Prep: Certified Analytics Professional (CAP),"Want to accelerate your career in data science and analytics? Consider earning the Certified Analytics Professional (CAP) credential. This premier data science certification shows potential employers that you can glean insights from data and use your findings to determine logical next steps. In this course, Jungwoo Ryoo provides test takers with an understanding of how a core set of data science topics are relevant and necessary to obtain a CAP credential in an expedited fashion. Jungwoo covers the seven domains of the exam: business problem framing, analytics problem framing, data, methodology, model building, deployment, and lifecycle management. He also shares case studies that demonstrate how the CAP knowledge domain concepts work in the real world.",Course,2023-09-27 17:14 UTC,N/A,false,N/A,
Fundamentos da Ciência de Dados: Mineração de Dados,"Toda ciência de dados começa com bons dados. A mineração de dados é uma abordagem para coleta, pesquisa e filtragem de dados brutos em situações sistemáticas, garantindo a obtenção de dados limpos desde o começo. Também auxilia na análise de grandes conjuntos de dados e na obtenção das informações mais úteis e relevantes. Este curso, Fundamentos da Ciência de Dados: Mineração de Dados, visa oferecer uma introdução sólida a todas as ferramentas, técnicas e raciocínio tático por trás da mineração de dados. Barton Poulson aborda fontes e tipos de dados, as linguagens e os programas usados na mineração de dados (incluindo R e Python) e lições específicas baseadas em tarefas que ajudam a praticar as técnicas mais comuns de mineração de dados: mineração de textos, agrupamento de dados, análise de associação e muito mais. Este curso é fundamental para os interessados em ingressar na força de trabalho de ciência de dados e para quem precisa adquirir mais experiência em mineração de dados.",Course,2022-03-26 21:29 UTC,N/A,true,N/A,
Power BI: Formação Básica,"Descubra como obter insights rapidamente de seus dados usando o Power BI. Esse formidável conjunto de ferramentas pode ajudá-lo a criar e compartilhar visualizações com mais eficácia com outras pessoas em sua organização. Esse curso o ajudará a começar a usar esse poderoso conjunto de ferramentas. Começamos abordando o Power BI Serviço baseado na web, explicando como importar dados, criar visualizações bem como organizá-las em relatórios, como fixar visualizações em painéis para compartilhamento com outras pessoas e como fazer perguntas sobre seus dados com o Power BI P&R. Além do Power BI Serviço, também teremos uma visão geral sobre o Power BI Desktop e o Power BI para celulares.",Course,2022-07-28 19:17 UTC,N/A,true,N/A,
Visual Storytelling in PowerPoint,"Are you ready to take your PowerPoint presentations to the next level, but don’t know where to begin? The cure for the common PowerPoint often seems more elusive than it is. Incorporating visual storytelling techniques into your slides can set you apart in a very big way. In this course, instructor Jole Simmons brings years of experience as a professional presentation designer to teach you how to make your presentation come alive with a good story.<br><br>Learn about the framework of an effective story and how to identify and communicate the elements of yours, such as the hero, the setting, the challenge, and the resolution. Get tips on finding an emotional connection between your audience and your insights by visualizing the story in your slides. Whether you’re creating a PowerPoint for a team meeting or a company all-hands presentation, telling a cohesive story with your slides will make your message stand out.",Course,2023-10-02 12:12 UTC,N/A,false,N/A,
Liderança Remota: Como Gerenciar e Desenvolver Equipes Distribuídas,"A tecnologia permitiu que muitos funcionários que antes trabalhavam em escritórios passassem a trabalhar em casa ou em qualquer lugar à distância. À medida que o panorama geral do trabalho muda, o número de trabalhadores remotos provavelmente continuará aumentando. Para os gerentes e líderes que estão à frente dessas equipes remotas, bem como de equipes formadas por colaboradores remotos e presenciais, fazer a transição da liderança presencial para a virtual pode ser um desafio. Neste curso, o instrutor Kevin Eikenberry detalha como liderar à distância com eficácia. Ele analisa a fundo os fundamentos da liderança remota, por exemplo, como o trabalho remoto altera a dinâmica interpessoal. Além disso, Kevin apresenta dicas de como conseguir resultados à distância, incluindo como fazer coaching e dar feedback remotos, conquistar a confiança, definir limites sensatos como líder de longa distância e muito mais. <br><br>Observação: este curso foi destaque na <i>Market Watch</i>, <i>Inc.</i>, <i>Fortune</i>, <i>Forbes</i> e <i>Entrepreneur</i>.",Course,2022-02-12 15:38 UTC,N/A,false,N/A,
Sales: Analytics-Driven Storytelling,"Did you know that you can wield your storytelling skills to drive sales and scale your business? The trick is to merge your left brain and right brain so you can tell better stories with data. In this course, instructor Mark Donnolo shows you how to leverage storytelling with an analytics backbone to engage your sales audience with your message and campaign.<br><br>Learn about the power of data stories and transform yourself from an analyst into a storyteller. Find out how to unpack the particular problem that you want your story to solve. Mark gives you pointers on crafting your data story, connecting the dots, and refining as you go. Explore concrete strategies to practice and hone your skill set as a data storyteller with your own unique style.",Course,2023-05-11 23:43 UTC,N/A,false,N/A,
Power BI Data Analyst Associate (PL-300) Cert Prep: Connecting to Power BI Data,"The Power BI Data Analyst Associate certification verifies your capabilities as a data science professional to leverage the Microsoft Power BI data tool. This course is part of a larger series designed to prepare you for the Microsoft PL-300 certification exam. Join instructor Joshua Rischin as he explores the skills you need to know to get ready to tackle the official exam. Learn to connect with a wide range of data sources, including Excel files, CSV flat files, databases, cloud-based data services, and more, as well as how to review and update data properties such as permissions, field properties, and storage options. Along the way, Joshua covers best practices for identifying and resolving Power BI performance issues to help you optimize data flows and outputs.",Course,2024-01-01 14:46 UTC,N/A,false,N/A,
Fundamentos de Análise de Dados,"No curso de Fundamentos de Análise de Dados, exploraremos conceitos importantes sobre dados, o papel do analista de dados, da governança de dados e a importância de coletá-los, tratá-los e modelá-los corretamente. Além dessa estrutura conceitual, também serão exibidas na prática algumas execuções analíticas no Microsoft Access, assim como a apresentação desses dados no Power Point. Por último, obtenha atalhos úteis para aumentar a produtividade e dicas de solução de problemas para o programa de análise de dados mais popular, o Microsoft Excel.",Course,2022-04-17 00:14 UTC,N/A,false,N/A,
Apache Spark Essential Training: Big Data Engineering,"Data engineering is the foundation for building analytics and data science applications in the new Big Data world. Data engineering requires combining multiple big data technologies to construct data pipelines and networks to stream, process, and store data.  This course focuses on building full-fledged solutions that combine Apache Spark with other Big Data tools to create end-to-end data pipelines. Instructor Kumaran Ponnambalam begins by defining data engineering, its functions, and its concepts. Next, Kumaran goes over how Spark capabilities such as parallel processing, execution plans, state management options, and machine learning work with extract, transform, load (ETL). He introduces you to batch processing use cases and processes, as well as real-time processing pipelines. After walking you through several useful best practices, Kumaran concludes with an end-to-end exercise project.",Course,2023-09-17 23:49 UTC,N/A,false,N/A,
Tableau for Data Scientists,"If your work requires any sort of graphical visualization of data, chances are you’ve run into Tableau. If you’ve been using Tableau but want to learn how to really harness its full power for data science, join expert Matt Francis in this course as he shows you how to take your skills to the next level. Matt starts with one of the most important features in Tableau: the difference between the green and blue pills (discrete and continuous data) and how this affects every single action Tableau performs. He then shows how to connect to and combine data from different data sources, how to create different charts to make sense of data, ways to transform your data with calculations, and how to create interactive maps. Finally, Matt details ways to present data effectively and how to make engaging dashboards. Whether you want to learn more about Tableau as a whole, or if you just want to improve your knowledge of a single subject, this course will help up your Tableau game.",Course,2022-11-10 10:02 UTC,N/A,false,N/A,
Build Three Real-World Python Applications,"Python skills are in high demand, and programmers who demonstrate real-world skill in building applications are highly sought after. In this course, Megan Silvey shows you how to take real-life programming problems and turn them into actionable results through building three different practical applications. These applications focus on working with popular Python topics: web scraping, web APIs, and text analysis. Check out this course to improve your skills and build applications that you can show off to potential employers.<p>This course is integrated with GitHub Codespaces, an instant cloud developer environment that offers all the functionality of your favorite IDE without the need for any local machine setup. With GitHub Codespaces, you can get hands-on practice from any machine, at any time—all while using a tool that you’ll likely encounter in the workplace.</p>",Course,2023-10-24 13:37 UTC,N/A,false,N/A,
Fundamentos de Estatística: Parte 1,"A estatística não é um domínio apenas de cientistas de dados. Todo tipo de profissão usa estatística. Ela é importante para a tomada de decisões, novas descobertas, investimentos e previsões. Seja o assunto eleições, rankings esportivos, tendências de consumo, seja avanços na saúde, a estatística ajuda a entender seu tópico favorito em um nível mais profundo. <br><br>

O professor Eddie Davila aborda os conceitos básicos de estatística, como calcular médias, medianas, modas e desvios-padrão. Ele mostra como usar curvas de probabilidade e distribuição para embasar decisões e como detectar falso-positivos e dados enganosos. Cada conceito é abordado em linguagem simples, com exemplos detalhados que mostram como a estatística é usada em cenários do mundo dos negócios, esportes, educação, entretenimento, e muito mais. Essas técnicas ajudarão você a entender seus dados, provar teorias e economizar tempo, dinheiro e outros recursos valiosos — tudo a partir do entendimento dos números.",Course,N/A,N/A,true,N/A,
Financial Forecasting with Analytics Essential Training,"Big data is transforming the world of business. Yet many people don't understand what big data and business intelligence are, or how to use that data to evaluate key metrics for their firm in the future. This course addresses that knowledge gap, giving business people practical methods to create financial forecasts with business analytics and big data.<br><br>Join Professor Michael McDonald and discover how to use predictive analytics to forecast key performance indicators of interest, such as quarterly sales, projected cash flow, or even optimized product pricing. All you need is Microsoft Excel. Michael uses the built-in formulas, functions, and calculations to perform regression analysis, calculate confidence intervals, and stress test your results. You'll walk away from the course able to immediately begin creating forecasts for your own business needs.",Course,2023-09-29 11:59 UTC,N/A,false,N/A,
Fundamentos de Estatística: Parte 2,"A estatística é uma competência essencial para muitas profissões. A estatística básica é crítica para as decisões, novas descobertas, investimentos e previsões. Mas, às vezes, é preciso ir além do básico. O curso Fundamentos de Estatística: Parte 2 leva os usuários de negócios e especialistas em ciência de dados a um aprendizado prático, baseado em exemplos das competências intermediárias em estatística: amostras e amostragem, intervalos de confiança e teste de hipóteses.  Eddie Davila inicia com uma síntese da primeira parte do curso, revisando conceitos introdutórios, como dados e probabilidade. Em seguida, passa para amostragem, amostras aleatórias, tamanhos de amostra, erro e confiabilidade de amostragem, o teorema do limite central, distribuição-t, intervalos de confiança (incluindo a explicação de resultados inesperados) e teste de hipóteses. Este curso é obrigatório para quem trabalha com ciência de dados, negócios e análise de negócios — ou qualquer pessoa que queira ir além de médias e medianas e ter uma compreensão mais profunda de como a estatística funciona no mundo real.",Course,2022-04-02 23:00 UTC,N/A,false,N/A,
CONTENT METADATA NO LONGER EXISTS - urn:li:lyndaCourse:3094872,CONTENT METADATA NO LONGER EXISTS - urn:li:lyndaCourse:3094872,Course,2023-04-22 21:32 UTC,N/A,false,N/A,
Level Up: Advanced SQL,"<p>Want to test out your advanced SQL skills? This course was designed for you. These concise challenges let you stretch your brain and push your talents to the next level. Join Microsoft MVP and SQL expert Jess Pomfret to find out more about what it takes to become a master SQL user. Learn how to execute some of the more sophisticated SQLite queries, including complex join types, grouping, advanced select options, windowing functions, and more.</p><p>This course is integrated with GitHub Codespaces, an instant development environment that offers all the functionality of your favorite IDE without the need for any local machine setup. With GitHub Codespaces, you can get hands-on practice from any machine, at any time—all while using a tool that you’ll likely encounter in the workplace.</p><p>Each installment of the <i>Level Up</i> series offers at least 15 bite-sized opportunities to practice programming at various levels of difficulty, so you can challenge yourself and reinforce what you’ve learned. Check out the “Using GitHub Codespaces with this course” video to learn how to get a codespace up and running.</p>",Course,2023-08-12 21:26 UTC,N/A,false,N/A,
CONTENT METADATA NO LONGER EXISTS - urn:li:lyndaCourse:3095646,CONTENT METADATA NO LONGER EXISTS - urn:li:lyndaCourse:3095646,Course,2022-10-11 16:56 UTC,N/A,false,N/A,
Excel para Iniciantes: Tabelas Dinâmicas,"Este curso foi preparado para que você possa ter uma ótima base de conhecimento para criação e uso das tabelas dinâmicas. Este recurso sem dúvida é um dos melhores disponibilizados pela Microsoft no Excel e dará a você total liberdade para criar visões diversificadas dos seus dados, gerando informações que permitirão uma análise completa e rápida. ",Course,2021-09-06 01:27 UTC,N/A,false,N/A,
Microsoft Project for the Web: Reporting with Power BI,"Create clearer, more visually compelling project reports using Power BI, the data visualization tool included with Office. In this course, John Riopel, PMP, gives project management professionals a crash course in Power BI, explaining how it can be used to create more robust project reports. John starts with the basics, explaining the main components of Power BI and showing you how to work with tables, filter the right data using slicers, and format a basic report. Next, John covers more intermediate features of Power BI, such as using samples and content packs, working with measures, and using conditional formatting. Finally, John explains how to work with advanced features, like creating and fine-tuning dashboards in Power BI, merging datasets, and adding custom visuals to your report.",Course,2023-06-18 15:30 UTC,N/A,false,N/A,
Power BI Data Modeling with DAX,"Power BI Desktop makes it easy to create basic data models. But if you need to report across time periods—for example, visualize year-over-year growth or compare sales or other data by month or quarter—you need Data Analysis Expressions (DAX). DAX is a language you can use to create formulas for Power BI that extend your data model. In this course, Gini von Courter covers the essentials of working with DAX, sharing best practices for data model design and optimization along the way. Learn how to work with DAX aggregate functions, add calculated columns, create measures, and work with DAX logical and filter functions.",Course,2023-10-12 19:32 UTC,N/A,false,N/A,
HTML: Formação Básica,"HTML é a linguagem de programação que alimenta a web. E, tal como qualquer outra linguagem, uma vez dominada, pode começar a criar o seu próprio conteúdo, quer se trate de um website simples ou de aplicações web mais complexas. Este curso fornece uma visão aprofundada da sintaxe do HTML e as melhores práticas para escrever e editar o seu código. Conheça a estrutura de um documento HTML típico e aprenda a dividir páginas e formatar seu conteúdo com HTML. Aprenda ainda a criar links e listas e descubra como o HTML funciona com CSS e JavaScript para criar experiências de usuário ricas.",Course,2021-10-15 17:26 UTC,N/A,false,N/A,
CONTENT METADATA NO LONGER EXISTS - urn:li:lyndaCourse:3097862,CONTENT METADATA NO LONGER EXISTS - urn:li:lyndaCourse:3097862,Course,2022-09-16 11:42 UTC,N/A,false,N/A,
Fundamentos de Programação: Bancos de Dados,"Uma vez que você passar dos básicos da programação, você certamente precisará de um banco de dados. Bancos de dados fornecem uma estrutura consistente e organizada para armazenar e recuperar grandes quantidades de dados. Eles permitem que você crie aplicativos mais complexos que podem por exemplo, receber pedidos, processar pagamentos, fazer recomendações, autenticar usuários e muito mais. Este curso fornece os básicos necessários para você começar a criar e usar bancos de dados. Explore a terminologia: formas normais, ACID, CRUD, integridade referencial, transações, registros e tabelas. Aprenda o papel das chaves primárias e valores exclusivos em um modelo relacional. Aprenda como projetar o sistema ideal para conter seus dados, começando pelas tabelas e seus relacionamentos. Descubra como escrever consultas para extrair os dados necessários. Veja como manipular as diferentes demandas de armazenamento, acesso, desempenho e segurança. O instrutor Lucas Longo fornece exemplos práticos e explicações claras que ajudarão você a projetar bancos de dados que podem suportar as necessidades de seus aplicativos, dados e usuários.",Course,2022-07-14 14:19 UTC,N/A,false,N/A,
Descubra o SQL,"SQL (Structured Query Language) é a linguagem padrão para manipular dados em bancos de dados relacionais, como SQL Server, Oracle, MySQL, MariaDB e PostgreSQL. 
Este curso tem como objetivo te conduzir na descoberta desta linguagem tão fantástica e tão amplamente usada.
Saiba como buscar, ordenar, agrupar, classificar, alterar, deletar e incluir dados no seu banco de dados. 
Sua meta, portanto, é que você compreenda a linguagem SQL e não apenas decore os comandos mais conhecidos como o SELECT, INSERT, DELETE, UPDATE!",Course,2022-06-30 10:42 UTC,N/A,false,N/A,
Fundamentos da Inteligência Artificial: Aprendizado de Máquina,"O aprendizado de máquina é uma das áreas mais vibrantes da inteligência artificial. Os algoritmos de aprendizado de máquina permitem que os computadores aprendam coisas novas sem serem programados para isso. Eles usam a estatística como uma forma de entender melhor a enorme quantidade de dados criada todos os dias. Os algoritmos mais recentes ajudam as máquinas a classificar imagens, sons e vídeos. Eles podem responder às nossas perguntas, descobrir novos medicamentos e até escrever músicas. Neste curso, examinaremos a definição e os tipos de aprendizado de máquina: supervisionado, não supervisionado e por reforço. Depois, você verá como usar os algoritmos mais conhecidos, como árvores de decisão, agrupamento e análise de regressão, para encontrar padrões em conjuntos de dados massivos. Por último, você conhecerá algumas das armadilhas ao iniciar no aprendizado de máquina.",Course,2022-03-05 02:43 UTC,N/A,false,N/A,
SQL for Data Analysis,"<p>If you’re looking to use Structured Query Language in your application development but your story is more prequel than SQL, you need to build a solid foundational knowledge of SQL analysis. In this course, instructor Nikiya Simpson starts with a quick review of SQL basics, then focuses on fundamental SQL queries used in beginning data analysis. Nikiya explains the importance of asking the right questions about your data and how those questions translate into SQL. She also shows how these concepts can be used to derive quick insights from your data to help drive effective decision-making. Nikiya finishes the course by demonstrating how to incorporate queries into tools like Jupyter Notebook to help bring your data to life.</p><p>This course is integrated with GitHub Codespaces, an instant cloud developer environment that offers all the functionality of your favorite IDE without the need for any local machine setup. With GitHub Codespaces, you can get hands-on practice from any machine, at any time—all while using a tool that you’ll likely encounter in the workplace. Check out both Codespaces videos to learn how to get started.</p>",Course,2023-10-09 14:53 UTC,N/A,false,N/A,
Descubra a Linguagem de Programação R,"Cada dia mais empresas se apoiam em dados para tomar decisões e melhorar os seus produtos. R é uma linguagem de programação gratuita, de código aberto, voltada para ciência de dados e está entre as ferramentas mais utilizadas para análise e manipulação de dados por profissionais da área. Aprenda o básico de R e inicie a sua jornada no mundo dos dados, com a instrutora e especialista em ciência de dados Jessica Temporal. As aulas vão te ensinar os primeiros passos com R, incluindo como instalar a linguagem e a ferramenta RStudio, assim como utilizar diversos pacotes da vasta biblioteca de  pacotes disponível. Você vai ver em primeira mão como fazer modelagem de dados, visualizações e análises estatísticas. Após terminar o curso, você vai ter um conhecimento básico, mas completo do poder e da flexibilidade de R, e entender como aproveitar essa ferramenta para explorar e analisar uma variedade  de dados.",Course,2022-08-04 20:10 UTC,N/A,false,N/A,
SQL: Data Reporting and Analysis,"Do you rely on IT to get the data you need? Are you often stuck waiting in line for data, and wish you could just retrieve it yourself? In this course, learn how to get the data you want by writing a bit of SQL code. You won't just be able to pull data out of the database, you'll be able to manipulate it—merging it, grouping it, and relabeling it to get just the report you want. Join Emma Saunders as she shows how to write simple SQL queries for data reporting and analysis using a publicly accessible online database. Learn how to filter, group, and sort data, using built-in SQL functions to format or calculate results. Discover how to perform more complex queries, such as joining data together from different database tables. Last but not least, she introduces views, procedures, functions, and variables.",Course,2023-01-23 00:53 UTC,N/A,false,N/A,
SQL Server no Excel: Uma Visão Aprofundada,"Este curso apresentará conceitos essenciais sobre o banco de dados da Microsoft - o SQL Server - e como utilizá-lo no Excel, buscando informações e fazendo análises diretamente na consulta. Com o uso de técnicas de manipulação dos dados (Transaction SQL), podemos aproveitar ao máximo o uso de um Sistema de Gerenciamento de Banco de Dados (SGBD)  para controlar nossos dados e facilitar a extração de informações. Com dicas de realização do ETL (Extract, Transform and Load ou Extrair, Transformar e Carregar), vamos tratar os dados na origem utilizando o suplemento Power Query do Excel, consultando diretamente os dados que estão armazenados nas tabelas do SQL Server.",Course,2022-02-03 19:14 UTC,N/A,true,N/A,
Learning SQL Programming,"Structured Query Language (SQL) is a common tool for retrieving data from relational databases such as SQL Server, MySQL, MariaDB, and PostgreSQL. This course provides an introduction to this core programming language. Learn how to request data from a database, limit and sort the responses, aggregate data from multiple tables with joins, and edit and delete data. Instructor Scott Simpson also shows how to perform simple math operations and transform data into different formats.",Course,2023-10-30 00:46 UTC,N/A,false,N/A,
Azure Database Administrator Associate (DP-300) Cert Prep: 1 The Azure Data Platform,"Passing the Microsoft DP-300 certification exam allows job seekers to demonstrate proficiency with next-gen, cloud-based database technologies, and in this <i>Administering Relational Databases on Microsoft Azure (DP-300) Cert Prep</i> series of courses, Adam Wilbert takes you through the key aspects of the exam that you need to know. This first course focuses on the first two components of the exam: Understanding the full breadth of the Azure offerings, and creating and securing those resources. Even if you don’t plan on taking the exam, studying these aspects is still a great way to gain the knowledge and proficiency needed to modernize your organization's database resources.",Course,2023-05-25 11:26 UTC,N/A,false,N/A,
Conformidade com a LGPD: O Impacto em Empresas Brasileiras,"A Lei Geral de Proteção de Dados Pessoais terá influência sobre qualquer pessoa que já tenha fornecido seus dados e sobre qualquer instituição que detenha tais informações de seus clientes, colaboradores ou fornecedores. E é sobre esta relação que nós vamos falar neste curso. <br><br>

Para tanto, trataremos, principalmente, sobre:
a) a espinha dorsal da LGPD, ou seja, quais os elementos básicos para a compreensão desta Lei;
b) o que deve ser feito para estar em conformidade com a Lei;
c) as tendências e as perspectivas que teremos com esse novo cenário regulatório.<br><br>

Esse curso é compacto, modulado na dose certa para quem quer ter uma noção básica sobre a lei geral de proteção de dados, sem abrir mão do conhecimento dos pontos mais importantes desta Lei.

Junte-se à nós, desbrave a LGPD, descubra, para além da proteção de direitos e liberdades fundamentais, quais as oportunidades que surgem a partir da vigência desta lei.",Course,2022-11-22 23:56 UTC,N/A,false,N/A,
SQL Server Machine Learning Services: Python,"Learn how to analyze SQL Server data with Python. Database expert Adam Wilbert shows how to use a powerful combination of tools, including high-performance Python libraries and the Machine Learning Services add-on, directly inside SQL Server to streamline analysis. Adam shows how to use Python scripts to perform statistical analysis, generate graphics such as scatterplots and bar charts, and process tabular data. He also explains how to turn a Python script into a stored procedure and set up standalone ML services to execute scripts without impacting SQL Server performance.",Course,2022-12-30 09:16 UTC,N/A,false,N/A,
Top 10 Skills for BI Developers,"Check out the <i>Top 10 Skills</i> series, where career experts and LinkedIn Learning instructors walk you through the most important skills for data science professionals today. In this short beginner-friendly course, find out what you need to know to succeed in the rapidly growing field of business intelligence, gathering insights along the way from data expert Ben Sullins to build out your toolbox and boost your career.<br><br>Whether you’re looking for a new move in data science, or just retooling for your current role, Ben shows you the skill set that can set you apart, working down the list, one skill at a time. Explore the power of knowing more about problem solving, data mapping, ETL process, statistics, SQL, R and Python, BI tools, data visualization, dashboarding, and domain expertise. Discover the importance of preparing for tomorrow by learning impactful, new skills today.<br><br>Note: This course was created by Ben Sullins of Free the Data Academy. We are pleased to host this content in our library.",Course,2023-09-28 11:50 UTC,N/A,false,N/A,
SQL Server: Formação Básica,"O curso de SQL Server 2019 - Formação Básica foi preparado para dar a você noções essenciais sobre a utilização do principal software de manipulação de banco de dados da Microsoft. Trabalharemos com os conceitos essenciais necessários para o entendimento do que é o SQL Server, faremos sua instalação e configuração,   criaremos contas de acesso ao servidor e configuraremos suas permissões de acesso. Você verá como utilizar o T-SQL, a linguagem de manipulação de dados incorporada ao SQL Server e aprenderá como fazer um backup e restaurar os dados. Aprenda como utilizar Stored Procedures, crie views e functions, utilizando o melhor SGBD (Sistema de Gerenciamento de Banco de Dados) do mercado.",Course,2022-08-11 20:17 UTC,N/A,true,N/A,
Teamwork Essentials: Stand Out as a Valuable Team Member,"When you think of all the skills you could work on to advance your career, how often do you think about being a valuable team member? Almost never? In reality, working well with a team involves more than just a frame of mind, it takes a specific set of skills. In this course, leadership strategist Shadé Zahrai teaches you effective strategies to not only be a great teammate, but also how to develop skills while working with teams that will strengthen your reputation within your organization. She first shows you how to identify your own style of engaging with others, then how to use that information to cultivate strong relationships on the teams that you’re on by elevating the work of your teammates and nurturing trust. Shadé explains ways to build culture on the teams by fostering collaboration, navigating conflict, and creating an environment of psychological safety. Finally, learn techniques to develop strategic thinking skills that will serve your teams and help you solve problems.",Course,2023-09-23 23:51 UTC,N/A,false,N/A,
Tableau: Formação Básica,"O Tableau é uma ferramenta de análise e visualização de dados amplamente utilizada que muitos consideram indispensável para o trabalho relacionado à ciência dos dados. Sua interface de arrastar e soltar facilita a classificação, comparação e análise de dados de múltiplas fontes, incluindo Excel, SQL Server e repositórios de dados baseados em nuvem. Neste curso, aprenda o que você precisa saber para analisar e exibir dados usando o Tableau e tome decisões melhores e mais orientadas a dados para sua empresa. Descubra como instalar o Tableau, conectar-se às fontes de dados e classificar e filtrar seus dados. Aprenda a criar e manipular visualizações de dados - incluindo tabelas de destaque, gráficos, gráficos de dispersão, histogramas, mapas e painéis de controle - e a compartilhar suas visualizações.",Course,N/A,N/A,true,N/A,
"Building Apps with AI Tools: ChatGPT, Semantic Kernel, and Langchain","<p>New tools powered by artificial intelligence are changing the way we think about apps. And if you’re a developer looking to integrate your workflow, it’s time to supercharge your existing skills. In this course, instructor Denys Linkov offers an overview of how to build apps and integrate exciting, new open-source tools such as ChatGPT, Semantic Kernel, and LangChain.</p><p>Learn how to connect to the ChatGPT API to start building hands-on applications with code. Denys shows you the basics of app development with Semantic Kernel, from formatting to chain-of-thought reasoning, prompting, and OpenAI Whisper for text to speech. By the end of this course, you’ll also get a chance to try out your new skills building document search with LangChain and testing ChatGPT apps.</p>",Course,2023-12-29 22:02 UTC,N/A,false,N/A,
Learning SAP MM (Materials Management),"To consistently deliver completed products on time, an organization needs an effective system for managing products, inventory, and purchased materials. SAP Materials Management (MM), a key module in SAP S/4HANA, tracks all aspects of material management—from purchase through sale—for enterprise organizations. In this course, learn how to get up and running with SAP MM. To begin, instructor Justin Valley provides a high-level look at the materials management process in SAP MM, as well as how it integrates with other SAP modules. Next, Justin shows how to create material master records and approach the purchasing, inventory management, and physical inventory processes (and run related reports).",Course,2023-10-07 22:22 UTC,N/A,false,N/A,
Python para Ciência de Dados: Formação Básica,"Ao usar o Python para obter o valor de dados brutos, você pode simplificar a jornada muitas vezes complexa que é transformar dados em informação. Neste curso prático com muita mão na massa, aprenda como usar o Python e as mais diversas bibliotecas utilizadas em ciência de dados hoje para preparar, coletar e visualizar dados e também a realizar diversos tipos de análise. Aprenda também a aplicar diversas técnicas supervisionadas e não-supervisionadas de machine learning, como capturar dados disponíveis na internet e também como fazer diversos tipos de visualizações.",Course,2022-05-01 19:19 UTC,N/A,false,N/A,
Hands-On Data Science: 2 Sales Dashboard with Tableau,"If you’re interested in working in data or looking to advance in the field, you need a foundational knowledge of several key areas of data science. Not only that, you need to be able to demonstrate that knowledge. In this four-part series, Ben Sullins shows how to build four distinct data science projects using SQL, Tableau, Python, and Spark. In this second installment, Ben details the steps in building a sales dashboard with Tableau, the popular data visualization platform favored by organizations worldwide. Ben starts by breaking down the different aspects of Tableau, from working on a desktop, to sharing data over the web, to using the Tableau Public platform to publicly share your data visualizations. He then shows Tableau in action, looking at how it facilitates a deep dive into your data, before demonstrating how to build out an exploratory dashboard with your data. At the end of the course, you’ll be able to give a live demo of your data visualizations in Tableau Public on the web.
 <br><br>
Note: This course was created by Free the Data Academy. We are pleased to host this training in our library.",Course,2023-07-11 18:08 UTC,N/A,false,N/A,
SAP ERP Essential Training,"The SAP Enterprise Resource Planning (ERP) platform helps large organizations streamline their processes across each segment of their business, from sales to financial accounting. In this course, instructor Justin Valley covers key concepts within SAP ERP and shares valuable tips to help you use this enterprise software most effectively. Justin explains the difference between master data and transactional data in SAP before diving into commonly used SAP modules, including SAP Materials Management (MM) and SAP Sales and Distribution (SD). He also shows how end users can navigate inside SAP, use various search methods to find data, run and export reports from SAP, and more.",Course,2023-10-11 22:10 UTC,N/A,false,N/A,
Scrum: The Basics,"If you've spent any time in the project management world, you've likely heard of scrum—the popular framework for managing complex processes. If this mysterious-sounding framework has piqued your interest, this course can help provide you with a basic understanding of what scrum is and how you can start implementing it at work. Follow scrum expert Kelley O'Connell as she walks through why scrum has taken the business world by storm, and how it asks you to organize your team and work. Plus, she explains how to manage your projects and measure how they're faring, and set manageable improvement goals.",Course,2023-05-11 23:39 UTC,N/A,false,N/A,
Excel 2016: Gestão e Análise de Dados,"Neste curso, descreveremos e aprenderemos o básico a respeito de um dos programas mais completos e versáteis da suíte do Microsoft Office disponíveis no mercado: o Excel 2016. Desta forma, seremos capazes de lidar com as mais diversificadas fórmulas, cálculos e análises, variando das mais simples às mais complexas, através de comandos num programa simples, user-friendly, disponível na maioria dos micros do mundo. Esperamos que aprenda e desfrute deste aplicativo em seu maior potencial, da maneira que mais lhe convier, e que mais lhe traga benefícios.",Course,2021-08-10 12:16 UTC,N/A,false,N/A,
Introduction to Spark SQL and DataFrames,"Explore DataFrames, a widely used data structure in Apache Spark. DataFrames allow Spark developers to perform common data operations, such as filtering and aggregation, as well as advanced data analysis on large collections of distributed data. With the addition of Spark SQL, developers have access to an even more popular and powerful query language than the built-in DataFrames API. In this course, instructor Dan Sullivan shows how to perform basic operations—loading, filtering, and aggregating data in DataFrames—with the API and SQL, as well as more advanced techniques that are easily performed in SQL. In this section of the course, Dan explains how to join data, eliminate duplicates, and deal with null or NA values. The lessons conclude with three in-depth examples of using DataFrames for data science: exploratory data analysis, time series analysis, and machine learning.",Course,2023-10-09 20:45 UTC,N/A,false,N/A,
