Date,Status,FullName
2023-10-30 03:25:53,Active,Verônica Freire
2023-10-29 21:37:59,Active,Valquiria Teodoro
2023-10-19 21:09:55,Active,Pedro Santos
2023-10-10 19:03:19,Active,Daniella Rezende
2023-10-10 17:14:01,Active,Vinícius Galvão
2023-10-10 17:13:27,Active,Wellikiandre Martins Bosich de Souza
2023-10-10 16:01:19,Active,Yury Sobrinho
2023-10-09 21:13:46,Active,Robson Ribeiro
2023-09-30 13:23:14,Active,Clara Ramos
2023-09-30 00:17:29,Unfollow,Alexandre Giordanelli
2023-09-27 19:51:57,Active,Gabriel Fróes
2023-09-16 14:38:43,Active,Tiago Carvalho
2023-09-16 14:38:38,Active,Diego Yariwake Castelo de Brito
2023-09-16 14:36:46,Active,Vitor Gabriel de Araujo
2023-09-16 14:36:41,Active,Tamara Brito
2023-09-16 14:36:18,Active,Augusto Frazão
2023-09-16 14:36:08,Active,Hortênsia Morais
2023-09-16 14:35:25,Active,Clara Quintanilha 
2023-09-14 22:19:16,Active,"Alexsandro de Souza, CEA"
2023-09-14 22:17:44,Active,Cris Miranda
2023-09-14 16:14:01,Active,Marcella Galeotti
2023-09-14 13:19:01,Active,Gabriella Araújo
2023-09-14 00:40:21,Active,Gustavo Jorge Martins de Aguiar
2023-09-13 19:59:18,Active,Letícia Smirelli
2023-09-12 15:41:43,Active,Thiago Leão
2023-09-12 15:35:01,Active,Alexsandro Junior
2023-09-08 15:24:50,Active,Vanessa Weber
2023-09-06 20:23:24,Active,Luisa Lima
2023-08-31 12:16:56,Active,Richard Uchoa
2023-08-28 20:57:54,Active,Lucas Tavares
2023-08-24 21:40:50,Active,Camila Oliveira
2023-08-22 16:02:07,Active,Jéssica Araújo 
2023-07-18 20:28:29,Active,Nathalia F Kagohara
2023-07-08 23:52:20,Unfollow,Robson Santos
2023-06-06 15:22:50,Active,Carolina Camargo
2023-05-23 18:20:45,Active,Carol Ribeiro
2023-04-11 18:02:42,Unfollow,Zach Wilson
2023-04-10 15:17:27,Unfollow,Cecília Novaes
2023-04-10 15:17:27,Active,Flavia Buarque
2023-04-10 15:07:36,Active,Hanna Larsson
2023-04-03 13:19:46,Unfollow,Maria Olívia Machado
2023-03-29 21:04:54,Active,Gustavo Cerbasi
2023-03-27 11:02:19,Active,Giovanna Escarminio
2023-02-01 18:07:20,Unfollow,Érica Santos
2023-01-15 14:06:47,Unfollow,Elena Verna
2022-11-16 09:54:12,Unfollow,Filippo Cupolillo
2022-10-26 13:17:00,Unfollow,André Pereira
2022-10-23 19:29:42,Unfollow,João Vinícius Prado
2022-07-28 14:54:35,Active,Fabio Akita
2022-06-15 13:53:25,Unfollow,Weber Jardim
2022-04-03 20:44:20,Active,Alex Freberg
2022-03-06 15:52:12,Active,João Hashtag
2022-02-02 22:05:13,Active,Luke Barousse
2021-09-06 01:27:43,Active,Karine Lago
