Date,Type,Link
2024-01-05 20:34:36,LIKE,https://www.linkedin.com/feed/update/urn%3Ali%3Aactivity%3A7149036858927185921?commentUrn=urn%3Ali%3Acomment%3A%28activity%3A7149036858927185921%2C7149134463543816193%29
2024-01-05 20:00:22,LIKE,https://www.linkedin.com/feed/update/urn%3Ali%3Aactivity%3A7149036858927185921?commentUrn=urn%3Ali%3Acomment%3A%28activity%3A7149036858927185921%2C7149108189345619968%29
2024-01-05 18:00:33,LIKE,https://www.linkedin.com/feed/update/urn%3Ali%3Aactivity%3A7149036858927185921?commentUrn=urn%3Ali%3Acomment%3A%28activity%3A7149036858927185921%2C7149037960624087040%29
2024-01-05 18:00:29,LIKE,https://www.linkedin.com/feed/update/urn%3Ali%3Aactivity%3A7149036858927185921?commentUrn=urn%3Ali%3Acomment%3A%28activity%3A7149036858927185921%2C7149043961653895168%29
2024-01-05 18:00:26,LIKE,https://www.linkedin.com/feed/update/urn%3Ali%3Aactivity%3A7149036858927185921?commentUrn=urn%3Ali%3Acomment%3A%28activity%3A7149036858927185921%2C7149068200977100801%29
2024-01-05 17:59:44,LIKE,https://www.linkedin.com/feed/update/urn%3Ali%3Aactivity%3A7149036858927185921?commentUrn=urn%3Ali%3Acomment%3A%28activity%3A7149036858927185921%2C7149045365097353216%29
2024-01-05 13:06:06,LIKE,https://www.linkedin.com/feed/update/urn%3Ali%3Aactivity%3A7149020248627724288
2024-01-05 03:26:21,LIKE,https://www.linkedin.com/feed/update/urn%3Ali%3Aactivity%3A7148724810024472577
2024-01-04 22:20:49,LIKE,https://www.linkedin.com/feed/update/urn%3Ali%3AugcPost%3A7148410871298400256
2024-01-04 22:20:41,LIKE,https://www.linkedin.com/feed/update/urn%3Ali%3Aactivity%3A7148795242069094400
2024-01-04 19:52:48,LIKE,https://www.linkedin.com/feed/update/urn%3Ali%3Aactivity%3A7148305318601555968
2024-01-03 17:46:13,LIKE,https://www.linkedin.com/feed/update/urn%3Ali%3AugcPost%3A7147988248986894336
2024-01-03 16:13:32,LIKE,https://www.linkedin.com/feed/update/urn%3Ali%3Aactivity%3A7148281855455272961
2024-01-03 16:11:59,LIKE,https://www.linkedin.com/feed/update/urn%3Ali%3AugcPost%3A7148260535912878081
2024-01-03 13:58:03,LIKE,https://www.linkedin.com/feed/update/urn%3Ali%3Aactivity%3A7147966399213219841?commentUrn=urn%3Ali%3Acomment%3A%28activity%3A7147966399213219841%2C7148063783641411584%29
2024-01-03 13:57:58,LIKE,https://www.linkedin.com/feed/update/urn%3Ali%3Aactivity%3A7147966399213219841?commentUrn=urn%3Ali%3Acomment%3A%28activity%3A7147966399213219841%2C7148145131399929856%29
2024-01-03 02:46:46,LIKE,https://www.linkedin.com/feed/update/urn%3Ali%3Aactivity%3A7147964781717622784
2024-01-03 02:04:59,LIKE,https://www.linkedin.com/feed/update/urn%3Ali%3Aactivity%3A7147966399213219841?commentUrn=urn%3Ali%3Acomment%3A%28activity%3A7147966399213219841%2C7148116662494429184%29
2024-01-02 20:41:58,LIKE,https://www.linkedin.com/feed/update/urn%3Ali%3Aactivity%3A7147966399213219841?commentUrn=urn%3Ali%3Acomment%3A%28activity%3A7147966399213219841%2C7148029989672710144%29
2024-01-02 20:41:57,LIKE,https://www.linkedin.com/feed/update/urn%3Ali%3Aactivity%3A7147966399213219841?commentUrn=urn%3Ali%3Acomment%3A%28activity%3A7147966399213219841%2C7148029576869302274%29
2024-01-02 20:41:56,LIKE,https://www.linkedin.com/feed/update/urn%3Ali%3Aactivity%3A7147966399213219841?commentUrn=urn%3Ali%3Acomment%3A%28activity%3A7147966399213219841%2C7148034215979253761%29
2024-01-02 20:39:49,LIKE,https://www.linkedin.com/feed/update/urn%3Ali%3Aactivity%3A7147966399213219841?commentUrn=urn%3Ali%3Acomment%3A%28activity%3A7147966399213219841%2C7148025994912722944%29
2024-01-02 20:39:18,LIKE,https://www.linkedin.com/feed/update/urn%3Ali%3Aactivity%3A7147966399213219841?commentUrn=urn%3Ali%3Acomment%3A%28activity%3A7147966399213219841%2C7148032344728260608%29
2024-01-02 18:46:36,LIKE,https://www.linkedin.com/feed/update/urn%3Ali%3Aactivity%3A7147966399213219841?commentUrn=urn%3Ali%3Acomment%3A%28activity%3A7147966399213219841%2C7148010541742030850%29
2024-01-02 18:42:21,LIKE,https://www.linkedin.com/feed/update/urn%3Ali%3Aactivity%3A7147966399213219841?commentUrn=urn%3Ali%3Acomment%3A%28activity%3A7147966399213219841%2C7148011367592095746%29
2024-01-02 16:57:32,LIKE,https://www.linkedin.com/feed/update/urn%3Ali%3Aactivity%3A7147909982481559553
2024-01-02 15:44:28,LIKE,https://www.linkedin.com/feed/update/urn%3Ali%3Aactivity%3A7147966399213219841?commentUrn=urn%3Ali%3Acomment%3A%28activity%3A7147966399213219841%2C7147973089971130368%29
2024-01-02 14:09:03,LIKE,https://www.linkedin.com/feed/update/urn%3Ali%3Aactivity%3A7147910827881259008
2024-01-02 14:08:49,LIKE,https://www.linkedin.com/feed/update/urn%3Ali%3Aactivity%3A7147943297418801153
2024-01-02 14:08:43,LIKE,https://www.linkedin.com/feed/update/urn%3Ali%3Aactivity%3A7147923053375643648
2024-01-01 22:13:17,LIKE,https://www.linkedin.com/feed/update/urn%3Ali%3Aactivity%3A7147014870746517504
2024-01-01 22:12:41,LIKE,https://www.linkedin.com/feed/update/urn%3Ali%3Aactivity%3A7142981924788097024
2024-01-01 22:12:17,LIKE,https://www.linkedin.com/feed/update/urn%3Ali%3AugcPost%3A7147562954798915584
2023-12-31 04:14:04,LIKE,https://www.linkedin.com/feed/update/urn%3Ali%3Aactivity%3A7145443156661092352?commentUrn=urn%3Ali%3Acomment%3A%28activity%3A7145443156661092352%2C7147024536264241152%29
2023-12-29 13:13:00,LIKE,https://www.linkedin.com/feed/update/urn%3Ali%3Aactivity%3A7146484679704039424
2023-12-29 03:16:56,PRAISE,https://www.linkedin.com/feed/update/urn%3Ali%3Aactivity%3A7145911388434075649
2023-12-28 21:51:46,LIKE,https://www.linkedin.com/feed/update/urn%3Ali%3AugcPost%3A7146124715441524736
2023-12-28 21:17:44,LIKE,https://www.linkedin.com/feed/update/urn%3Ali%3Aactivity%3A7146233046508253184
2023-12-28 19:49:11,LIKE,https://www.linkedin.com/feed/update/urn%3Ali%3Aactivity%3A7146152829349511169
2023-12-28 19:48:05,LIKE,https://www.linkedin.com/feed/update/urn%3Ali%3Aactivity%3A7146081095946608640
2023-12-28 19:44:30,LIKE,https://www.linkedin.com/feed/update/urn%3Ali%3AugcPost%3A7146130883899559936
2023-12-28 19:41:55,LIKE,https://www.linkedin.com/feed/update/urn%3Ali%3Aactivity%3A7146100178402410496
2023-12-28 19:41:36,LIKE,https://www.linkedin.com/feed/update/urn%3Ali%3Aactivity%3A7146208279667417088
2023-12-28 01:23:22,LIKE,https://www.linkedin.com/feed/update/urn%3Ali%3AugcPost%3A7145833061631385601?commentUrn=urn%3Ali%3Acomment%3A%28ugcPost%3A7145833061631385601%2C7145938565389082624%29
2023-12-28 01:23:21,LIKE,https://www.linkedin.com/feed/update/urn%3Ali%3AugcPost%3A7145833061631385601?commentUrn=urn%3Ali%3Acomment%3A%28ugcPost%3A7145833061631385601%2C7145907668325502976%29
2023-12-27 20:54:10,LIKE,https://www.linkedin.com/feed/update/urn%3Ali%3Aactivity%3A7141020248769507328
2023-12-27 20:43:11,INTEREST,https://www.linkedin.com/feed/update/urn%3Ali%3Aactivity%3A7145775331608608768
2023-12-27 20:41:45,INTEREST,https://www.linkedin.com/feed/update/urn%3Ali%3Aactivity%3A7145737610106241025
2023-12-27 19:10:21,LIKE,https://www.linkedin.com/feed/update/urn%3Ali%3AugcPost%3A7145833061631385601?commentUrn=urn%3Ali%3Acomment%3A%28ugcPost%3A7145833061631385601%2C7145833819504373761%29
2023-12-27 14:31:03,LIKE,https://www.linkedin.com/feed/update/urn%3Ali%3Aactivity%3A7145210409053048832
2023-12-27 13:10:54,LIKE,https://www.linkedin.com/feed/update/urn%3Ali%3AugcPost%3A7145759053565132800
2023-12-27 04:06:31,LIKE,https://www.linkedin.com/feed/update/urn%3Ali%3Aactivity%3A7145455918133030912
2023-12-27 00:58:14,LIKE,https://www.linkedin.com/feed/update/urn%3Ali%3Aactivity%3A7145507250470662144
2023-12-26 23:49:42,LIKE,https://www.linkedin.com/feed/update/urn%3Ali%3Aactivity%3A7145443156661092352?commentUrn=urn%3Ali%3Acomment%3A%28activity%3A7145443156661092352%2C7145539002597638145%29
2023-12-26 23:49:39,LIKE,https://www.linkedin.com/feed/update/urn%3Ali%3Aactivity%3A7145443156661092352?commentUrn=urn%3Ali%3Acomment%3A%28activity%3A7145443156661092352%2C7145517137149833216%29
2023-12-26 23:49:35,LIKE,https://www.linkedin.com/feed/update/urn%3Ali%3Aactivity%3A7145443156661092352?commentUrn=urn%3Ali%3Acomment%3A%28activity%3A7145443156661092352%2C7145525351908110336%29
2023-12-26 22:05:52,LIKE,https://www.linkedin.com/feed/update/urn%3Ali%3Aactivity%3A7145443156661092352?commentUrn=urn%3Ali%3Acomment%3A%28activity%3A7145443156661092352%2C7145531929029763072%29
2023-12-26 20:16:09,LIKE,https://www.linkedin.com/feed/update/urn%3Ali%3Aactivity%3A7145443156661092352?commentUrn=urn%3Ali%3Acomment%3A%28activity%3A7145443156661092352%2C7145505110293467136%29
2023-12-26 20:16:05,LIKE,https://www.linkedin.com/feed/update/urn%3Ali%3Aactivity%3A7145443156661092352?commentUrn=urn%3Ali%3Acomment%3A%28activity%3A7145443156661092352%2C7145467193638514689%29
2023-12-26 20:16:01,LIKE,https://www.linkedin.com/feed/update/urn%3Ali%3Aactivity%3A7145443156661092352?commentUrn=urn%3Ali%3Acomment%3A%28activity%3A7145443156661092352%2C7145495536949788672%29
2023-12-26 18:07:57,LIKE,https://www.linkedin.com/feed/update/urn%3Ali%3Aactivity%3A7143268841031213057
2023-12-26 17:35:06,LIKE,https://www.linkedin.com/feed/update/urn%3Ali%3Aactivity%3A7145443156661092352?commentUrn=urn%3Ali%3Acomment%3A%28activity%3A7145443156661092352%2C7145462643271655424%29
2023-12-26 17:06:10,LIKE,https://www.linkedin.com/feed/update/urn%3Ali%3Aactivity%3A7145443156661092352?commentUrn=urn%3Ali%3Acomment%3A%28activity%3A7145443156661092352%2C7145455391563329538%29
2023-12-26 17:06:09,LIKE,https://www.linkedin.com/feed/update/urn%3Ali%3Aactivity%3A7145443156661092352?commentUrn=urn%3Ali%3Acomment%3A%28activity%3A7145443156661092352%2C7145455893424361472%29
2023-12-26 16:48:34,LIKE,https://www.linkedin.com/feed/update/urn%3Ali%3Aactivity%3A7145443156661092352?commentUrn=urn%3Ali%3Acomment%3A%28activity%3A7145443156661092352%2C7145443640268537856%29
2023-12-26 15:13:17,LIKE,https://www.linkedin.com/feed/update/urn%3Ali%3Aactivity%3A7145360122817548288
2023-12-26 14:19:52,LIKE,https://www.linkedin.com/feed/update/urn%3Ali%3Aactivity%3A7141023981523972097
2023-12-26 14:19:07,LIKE,https://www.linkedin.com/feed/update/urn%3Ali%3Aactivity%3A7142484655450099713
2023-12-26 14:13:08,LIKE,https://www.linkedin.com/feed/update/urn%3Ali%3Aactivity%3A7140485712994381824
2023-12-26 14:12:54,LIKE,https://www.linkedin.com/feed/update/urn%3Ali%3Aactivity%3A7145393024016048131
2023-12-25 22:36:18,LIKE,https://www.linkedin.com/feed/update/urn%3Ali%3Aactivity%3A7145143946111889408
2023-12-25 13:29:59,LIKE,https://www.linkedin.com/feed/update/urn%3Ali%3AgroupPost%3A25827-7144903822115573760
2023-12-24 17:27:35,ENTERTAINMENT,https://www.linkedin.com/feed/update/urn%3Ali%3Aactivity%3A7143258244814209024
2023-12-24 14:47:30,LIKE,https://www.linkedin.com/feed/update/urn%3Ali%3AugcPost%3A7144499189547253760
2023-12-24 03:15:28,LIKE,https://www.linkedin.com/feed/update/urn%3Ali%3AugcPost%3A7144361212300902400?commentUrn=urn%3Ali%3Acomment%3A%28ugcPost%3A7144361212300902400%2C7144501356815454208%29
2023-12-23 23:51:23,PRAISE,https://www.linkedin.com/feed/update/urn%3Ali%3AugcPost%3A7144361212300902400
2023-12-23 16:03:09,LIKE,https://www.linkedin.com/feed/update/urn%3Ali%3Aactivity%3A7144321703379193856
2023-12-22 01:07:04,ENTERTAINMENT,https://www.linkedin.com/feed/update/urn%3Ali%3AugcPost%3A7143634122442264576
2023-12-22 01:05:44,LIKE,https://www.linkedin.com/feed/update/urn%3Ali%3AugcPost%3A7143464152915783680
2023-12-22 00:42:08,ENTERTAINMENT,https://www.linkedin.com/feed/update/urn%3Ali%3AugcPost%3A7143631642216103936
2023-12-22 00:09:00,LIKE,https://www.linkedin.com/feed/update/urn%3Ali%3Aactivity%3A7143663171352924160
2023-12-21 23:54:17,LIKE,https://www.linkedin.com/feed/update/urn%3Ali%3AugcPost%3A7143694265930465280?commentUrn=urn%3Ali%3Acomment%3A%28ugcPost%3A7143694265930465280%2C7143747086335877121%29
2023-12-21 21:18:29,LIKE,https://www.linkedin.com/feed/update/urn%3Ali%3Aactivity%3A7143268841811349506?commentUrn=urn%3Ali%3Acomment%3A%28activity%3A7143268841811349506%2C7143653365518958592%29
2023-12-21 21:18:26,LIKE,https://www.linkedin.com/feed/update/urn%3Ali%3Aactivity%3A7143268841811349506?commentUrn=urn%3Ali%3Acomment%3A%28activity%3A7143268841811349506%2C7143627735221932033%29
2023-12-21 16:42:50,LIKE,https://www.linkedin.com/feed/update/urn%3Ali%3Aactivity%3A7143570854558289920
2023-12-21 16:32:11,LIKE,https://www.linkedin.com/feed/update/urn%3Ali%3Aactivity%3A7143570837672030208
2023-12-21 16:31:12,LIKE,https://www.linkedin.com/feed/update/urn%3Ali%3AugcPost%3A7143549748807974912
2023-12-21 13:33:36,LIKE,https://www.linkedin.com/feed/update/urn%3Ali%3Aactivity%3A7143268841811349506?commentUrn=urn%3Ali%3Acomment%3A%28activity%3A7143268841811349506%2C7143272917311696896%29
2023-12-21 03:30:44,LIKE,https://www.linkedin.com/feed/update/urn%3Ali%3Aactivity%3A7142544051613986816?commentUrn=urn%3Ali%3Acomment%3A%28activity%3A7142544051613986816%2C7142634051684765696%29
2023-12-21 03:30:43,LIKE,https://www.linkedin.com/feed/update/urn%3Ali%3Aactivity%3A7142544051613986816?commentUrn=urn%3Ali%3Acomment%3A%28activity%3A7142544051613986816%2C7142570998683410432%29
2023-12-21 03:28:50,LIKE,https://www.linkedin.com/feed/update/urn%3Ali%3Aactivity%3A7142544051613986816?commentUrn=urn%3Ali%3Acomment%3A%28activity%3A7142544051613986816%2C7142718671755399171%29
2023-12-21 03:26:28,LIKE,https://www.linkedin.com/feed/update/urn%3Ali%3Aactivity%3A7142544051613986816?commentUrn=urn%3Ali%3Acomment%3A%28activity%3A7142544051613986816%2C7142567186971242496%29
2023-12-21 03:24:35,LIKE,https://www.linkedin.com/feed/update/urn%3Ali%3Aactivity%3A7142544051613986816?commentUrn=urn%3Ali%3Acomment%3A%28activity%3A7142544051613986816%2C7142669293976014848%29
2023-12-21 03:24:11,LIKE,https://www.linkedin.com/feed/update/urn%3Ali%3Aactivity%3A7142544051613986816?commentUrn=urn%3Ali%3Acomment%3A%28activity%3A7142544051613986816%2C7142602788961767425%29
2023-12-21 03:24:06,LIKE,https://www.linkedin.com/feed/update/urn%3Ali%3Aactivity%3A7142544051613986816?commentUrn=urn%3Ali%3Acomment%3A%28activity%3A7142544051613986816%2C7142572833028694016%29
2023-12-21 03:23:12,LIKE,https://www.linkedin.com/feed/update/urn%3Ali%3Aactivity%3A7142544051613986816?commentUrn=urn%3Ali%3Acomment%3A%28activity%3A7142544051613986816%2C7142601348818145281%29
2023-12-21 03:22:56,LIKE,https://www.linkedin.com/feed/update/urn%3Ali%3Aactivity%3A7142544051613986816?commentUrn=urn%3Ali%3Acomment%3A%28activity%3A7142544051613986816%2C7142853304249733120%29
2023-12-21 03:22:50,LIKE,https://www.linkedin.com/feed/update/urn%3Ali%3Aactivity%3A7142544051613986816?commentUrn=urn%3Ali%3Acomment%3A%28activity%3A7142544051613986816%2C7142845717416505345%29
2023-12-21 03:22:22,LIKE,https://www.linkedin.com/feed/update/urn%3Ali%3Aactivity%3A7142544051613986816?commentUrn=urn%3Ali%3Acomment%3A%28activity%3A7142544051613986816%2C7142821755768791040%29
2023-12-21 03:21:13,LIKE,https://www.linkedin.com/feed/update/urn%3Ali%3Aactivity%3A7142544051613986816?commentUrn=urn%3Ali%3Acomment%3A%28activity%3A7142544051613986816%2C7142821328360824833%29
2023-12-21 03:19:06,LIKE,https://www.linkedin.com/feed/update/urn%3Ali%3Aactivity%3A7142544051613986816?commentUrn=urn%3Ali%3Acomment%3A%28activity%3A7142544051613986816%2C7142597513869524992%29
2023-12-21 03:11:25,LIKE,https://www.linkedin.com/feed/update/urn%3Ali%3Aactivity%3A7142544051613986816?commentUrn=urn%3Ali%3Acomment%3A%28activity%3A7142544051613986816%2C7142672251518177280%29
2023-12-21 03:10:44,LIKE,https://www.linkedin.com/feed/update/urn%3Ali%3Aactivity%3A7142544051613986816?commentUrn=urn%3Ali%3Acomment%3A%28activity%3A7142544051613986816%2C7142862952268812288%29
2023-12-21 03:10:33,LIKE,https://www.linkedin.com/feed/update/urn%3Ali%3Aactivity%3A7142544051613986816?commentUrn=urn%3Ali%3Acomment%3A%28activity%3A7142544051613986816%2C7142822625667457024%29
2023-12-21 03:09:53,LIKE,https://www.linkedin.com/feed/update/urn%3Ali%3Aactivity%3A7142544051613986816?commentUrn=urn%3Ali%3Acomment%3A%28activity%3A7142544051613986816%2C7142583594480308224%29
2023-12-21 03:08:17,LIKE,https://www.linkedin.com/feed/update/urn%3Ali%3Aactivity%3A7142544051613986816?commentUrn=urn%3Ali%3Acomment%3A%28activity%3A7142544051613986816%2C7142942833644142592%29
2023-12-21 03:07:56,LIKE,https://www.linkedin.com/feed/update/urn%3Ali%3Aactivity%3A7142544051613986816?commentUrn=urn%3Ali%3Acomment%3A%28activity%3A7142544051613986816%2C7143266028129615872%29
2023-12-21 03:02:41,LIKE,https://www.linkedin.com/feed/update/urn%3Ali%3Aactivity%3A7142544051613986816?commentUrn=urn%3Ali%3Acomment%3A%28activity%3A7142544051613986816%2C7142736704980901890%29
2023-12-21 03:02:09,LIKE,https://www.linkedin.com/feed/update/urn%3Ali%3Aactivity%3A7142544051613986816?commentUrn=urn%3Ali%3Acomment%3A%28activity%3A7142544051613986816%2C7142669551485222912%29
2023-12-21 02:41:44,LIKE,https://www.linkedin.com/feed/update/urn%3Ali%3AugcPost%3A7142506419261550593
2023-12-20 19:44:20,LIKE,https://www.linkedin.com/feed/update/urn%3Ali%3Aactivity%3A7143259888792641537
2023-12-20 17:25:45,LIKE,https://www.linkedin.com/feed/update/urn%3Ali%3Aactivity%3A7142906429014790144?commentUrn=urn%3Ali%3Acomment%3A%28activity%3A7142906429014790144%2C7143244236266676224%29
2023-12-20 00:19:29,LIKE,https://www.linkedin.com/feed/update/urn%3Ali%3Aactivity%3A7142832011227889664
2023-12-20 00:12:22,ENTERTAINMENT,https://www.linkedin.com/feed/update/urn%3Ali%3Aactivity%3A7142937442122203137
2023-12-20 00:11:24,LIKE,https://www.linkedin.com/feed/update/urn%3Ali%3Aactivity%3A7142873119270096897
2023-12-19 22:42:35,LIKE,https://www.linkedin.com/feed/update/urn%3Ali%3Aactivity%3A7142906429014790144?commentUrn=urn%3Ali%3Acomment%3A%28activity%3A7142906429014790144%2C7142957859176189953%29
2023-12-19 22:42:32,LIKE,https://www.linkedin.com/feed/update/urn%3Ali%3Aactivity%3A7142906429014790144?commentUrn=urn%3Ali%3Acomment%3A%28activity%3A7142906429014790144%2C7142979685923160064%29
2023-12-19 21:48:14,LIKE,https://www.linkedin.com/feed/update/urn%3Ali%3Aactivity%3A7142957032243970048
2023-12-19 21:04:13,LIKE,https://www.linkedin.com/feed/update/urn%3Ali%3Aactivity%3A7142829671578087424
2023-12-19 21:03:30,LIKE,https://www.linkedin.com/feed/update/urn%3Ali%3AugcPost%3A7142882724364693505
2023-12-19 19:22:32,LIKE,https://www.linkedin.com/feed/update/urn%3Ali%3Aactivity%3A7142862235130920960
2023-12-19 19:22:14,LIKE,https://www.linkedin.com/feed/update/urn%3Ali%3AugcPost%3A7142881302516580352
2023-12-19 19:21:53,ENTERTAINMENT,https://www.linkedin.com/feed/update/urn%3Ali%3Aactivity%3A7142901306221887488
2023-12-19 17:48:41,LIKE,https://www.linkedin.com/feed/update/urn%3Ali%3Aactivity%3A7142906429014790144?commentUrn=urn%3Ali%3Acomment%3A%28activity%3A7142906429014790144%2C7142928719798595584%29
2023-12-19 16:57:17,LIKE,https://www.linkedin.com/feed/update/urn%3Ali%3Aactivity%3A7142906429014790144?commentUrn=urn%3Ali%3Acomment%3A%28activity%3A7142906429014790144%2C7142910239623770115%29
2023-12-19 16:57:13,LIKE,https://www.linkedin.com/feed/update/urn%3Ali%3Aactivity%3A7142906429014790144?commentUrn=urn%3Ali%3Acomment%3A%28activity%3A7142906429014790144%2C7142908609616683008%29
2023-12-18 22:35:29,LIKE,https://www.linkedin.com/feed/update/urn%3Ali%3Aactivity%3A7142544051613986816?commentUrn=urn%3Ali%3Acomment%3A%28activity%3A7142544051613986816%2C7142565353167007744%29
2023-12-18 22:06:32,LIKE,https://www.linkedin.com/feed/update/urn%3Ali%3AugcPost%3A7142543260765351936
2023-12-18 21:10:38,LIKE,https://www.linkedin.com/feed/update/urn%3Ali%3Aactivity%3A7142544051613986816?commentUrn=urn%3Ali%3Acomment%3A%28activity%3A7142544051613986816%2C7142610889987284992%29
2023-12-18 21:10:26,LIKE,https://www.linkedin.com/feed/update/urn%3Ali%3Aactivity%3A7142544051613986816?commentUrn=urn%3Ali%3Acomment%3A%28activity%3A7142544051613986816%2C7142618196376711168%29
2023-12-18 21:10:13,LIKE,https://www.linkedin.com/feed/update/urn%3Ali%3Aactivity%3A7142544051613986816?commentUrn=urn%3Ali%3Acomment%3A%28activity%3A7142544051613986816%2C7142616309216792576%29
2023-12-18 21:10:11,LIKE,https://www.linkedin.com/feed/update/urn%3Ali%3Aactivity%3A7142544051613986816?commentUrn=urn%3Ali%3Acomment%3A%28activity%3A7142544051613986816%2C7142614484921057281%29
2023-12-18 21:10:09,LIKE,https://www.linkedin.com/feed/update/urn%3Ali%3Aactivity%3A7142544051613986816?commentUrn=urn%3Ali%3Acomment%3A%28activity%3A7142544051613986816%2C7142610144529416192%29
2023-12-18 21:10:07,LIKE,https://www.linkedin.com/feed/update/urn%3Ali%3Aactivity%3A7142544051613986816?commentUrn=urn%3Ali%3Acomment%3A%28activity%3A7142544051613986816%2C7142608411854008320%29
2023-12-18 21:10:02,LIKE,https://www.linkedin.com/feed/update/urn%3Ali%3Aactivity%3A7142544051613986816?commentUrn=urn%3Ali%3Acomment%3A%28activity%3A7142544051613986816%2C7142570637411221504%29
2023-12-18 21:07:32,LIKE,https://www.linkedin.com/feed/update/urn%3Ali%3Aactivity%3A7142611919772798976
2023-12-18 19:20:38,LIKE,https://www.linkedin.com/feed/update/urn%3Ali%3Aactivity%3A7142544051613986816?commentUrn=urn%3Ali%3Acomment%3A%28activity%3A7142544051613986816%2C7142581714194792450%29
2023-12-18 19:20:25,LIKE,https://www.linkedin.com/feed/update/urn%3Ali%3Aactivity%3A7142544051613986816?commentUrn=urn%3Ali%3Acomment%3A%28activity%3A7142544051613986816%2C7142592837598044160%29
2023-12-18 19:20:15,LIKE,https://www.linkedin.com/feed/update/urn%3Ali%3Aactivity%3A7142544051613986816?commentUrn=urn%3Ali%3Acomment%3A%28activity%3A7142544051613986816%2C7142573844891951104%29
2023-12-18 19:19:49,LIKE,https://www.linkedin.com/feed/update/urn%3Ali%3Aactivity%3A7142544051613986816?commentUrn=urn%3Ali%3Acomment%3A%28activity%3A7142544051613986816%2C7142573294339219456%29
2023-12-18 19:05:33,LIKE,https://www.linkedin.com/feed/update/urn%3Ali%3Aactivity%3A7142544051613986816?commentUrn=urn%3Ali%3Acomment%3A%28activity%3A7142544051613986816%2C7142573027468230657%29
2023-12-18 19:04:39,LIKE,https://www.linkedin.com/feed/update/urn%3Ali%3Aactivity%3A7142544051613986816?commentUrn=urn%3Ali%3Acomment%3A%28activity%3A7142544051613986816%2C7142574982362038273%29
2023-12-18 19:04:20,LIKE,https://www.linkedin.com/feed/update/urn%3Ali%3Aactivity%3A7142544051613986816?commentUrn=urn%3Ali%3Acomment%3A%28activity%3A7142544051613986816%2C7142586183729033217%29
2023-12-18 19:04:09,LIKE,https://www.linkedin.com/feed/update/urn%3Ali%3Aactivity%3A7142544051613986816?commentUrn=urn%3Ali%3Acomment%3A%28activity%3A7142544051613986816%2C7142589660081405952%29
2023-12-18 19:04:05,LIKE,https://www.linkedin.com/feed/update/urn%3Ali%3Aactivity%3A7142544051613986816?commentUrn=urn%3Ali%3Acomment%3A%28activity%3A7142544051613986816%2C7142584002862915584%29
2023-12-18 17:43:39,LIKE,https://www.linkedin.com/feed/update/urn%3Ali%3Aactivity%3A7142544051613986816?commentUrn=urn%3Ali%3Acomment%3A%28activity%3A7142544051613986816%2C7142568773936472064%29
2023-12-18 17:42:42,LIKE,https://www.linkedin.com/feed/update/urn%3Ali%3Aactivity%3A7142544051613986816?commentUrn=urn%3Ali%3Acomment%3A%28activity%3A7142544051613986816%2C7142561944925880321%29
2023-12-18 17:42:17,LIKE,https://www.linkedin.com/feed/update/urn%3Ali%3Aactivity%3A7142544051613986816?commentUrn=urn%3Ali%3Acomment%3A%28activity%3A7142544051613986816%2C7142565593584496641%29
2023-12-18 17:42:09,LIKE,https://www.linkedin.com/feed/update/urn%3Ali%3Aactivity%3A7142544051613986816?commentUrn=urn%3Ali%3Acomment%3A%28activity%3A7142544051613986816%2C7142558954701705217%29
2023-12-18 17:42:07,LIKE,https://www.linkedin.com/feed/update/urn%3Ali%3Aactivity%3A7142544051613986816?commentUrn=urn%3Ali%3Acomment%3A%28activity%3A7142544051613986816%2C7142555156302270464%29
2023-12-18 17:42:05,LIKE,https://www.linkedin.com/feed/update/urn%3Ali%3Aactivity%3A7142544051613986816?commentUrn=urn%3Ali%3Acomment%3A%28activity%3A7142544051613986816%2C7142559961322106881%29
2023-12-18 17:42:03,LIKE,https://www.linkedin.com/feed/update/urn%3Ali%3Aactivity%3A7142544051613986816?commentUrn=urn%3Ali%3Acomment%3A%28activity%3A7142544051613986816%2C7142554493145047041%29
2023-12-18 17:41:56,LIKE,https://www.linkedin.com/feed/update/urn%3Ali%3Aactivity%3A7142544051613986816?commentUrn=urn%3Ali%3Acomment%3A%28activity%3A7142544051613986816%2C7142561862214172672%29
2023-12-18 17:41:52,LIKE,https://www.linkedin.com/feed/update/urn%3Ali%3Aactivity%3A7142544051613986816?commentUrn=urn%3Ali%3Acomment%3A%28activity%3A7142544051613986816%2C7142553962888495106%29
2023-12-18 17:37:45,LIKE,https://www.linkedin.com/feed/update/urn%3Ali%3Aactivity%3A7142544051613986816?commentUrn=urn%3Ali%3Acomment%3A%28activity%3A7142544051613986816%2C7142554995836583938%29
2023-12-18 17:37:37,LIKE,https://www.linkedin.com/feed/update/urn%3Ali%3Aactivity%3A7142544051613986816?commentUrn=urn%3Ali%3Acomment%3A%28activity%3A7142544051613986816%2C7142561932171018241%29
2023-12-18 17:37:29,LIKE,https://www.linkedin.com/feed/update/urn%3Ali%3Aactivity%3A7142544051613986816?commentUrn=urn%3Ali%3Acomment%3A%28activity%3A7142544051613986816%2C7142552909560422400%29
2023-12-18 17:37:28,LIKE,https://www.linkedin.com/feed/update/urn%3Ali%3Aactivity%3A7142544051613986816?commentUrn=urn%3Ali%3Acomment%3A%28activity%3A7142544051613986816%2C7142554463315165185%29
2023-12-18 17:37:14,LIKE,https://www.linkedin.com/feed/update/urn%3Ali%3Aactivity%3A7142544051613986816?commentUrn=urn%3Ali%3Acomment%3A%28activity%3A7142544051613986816%2C7142551954060222464%29
2023-12-18 17:37:12,LIKE,https://www.linkedin.com/feed/update/urn%3Ali%3Aactivity%3A7142544051613986816?commentUrn=urn%3Ali%3Acomment%3A%28activity%3A7142544051613986816%2C7142555070293827584%29
2023-12-18 16:33:14,LIKE,https://www.linkedin.com/feed/update/urn%3Ali%3Aactivity%3A7142224937695584256
2023-12-18 16:29:03,LIKE,https://www.linkedin.com/feed/update/urn%3Ali%3Aactivity%3A7142544051613986816?commentUrn=urn%3Ali%3Acomment%3A%28activity%3A7142544051613986816%2C7142550603884351490%29
2023-12-18 16:23:44,LIKE,https://www.linkedin.com/feed/update/urn%3Ali%3Aactivity%3A7142544051613986816?commentUrn=urn%3Ali%3Acomment%3A%28activity%3A7142544051613986816%2C7142546002338639873%29
2023-12-18 00:34:26,ENTERTAINMENT,https://www.linkedin.com/feed/update/urn%3Ali%3AgroupPost%3A6744146-7142188656945008640
2023-12-18 00:26:03,LIKE,https://www.linkedin.com/feed/update/urn%3Ali%3Aactivity%3A7141011492228734976
2023-12-16 16:47:40,LIKE,https://www.linkedin.com/feed/update/urn%3Ali%3Aactivity%3A7141783919787520001
2023-11-29 02:37:17,EMPATHY,https://www.linkedin.com/feed/update/urn%3Ali%3AugcPost%3A7135428134434185216
2023-11-24 02:22:59,LIKE,https://www.linkedin.com/feed/update/urn%3Ali%3Aactivity%3A7133454325107834881
2023-11-22 16:35:49,LIKE,https://www.linkedin.com/feed/update/urn%3Ali%3Aactivity%3A7132802339186368512
2023-11-22 16:35:46,LIKE,https://www.linkedin.com/feed/update/urn%3Ali%3Aactivity%3A7133083717278871553
2023-11-19 01:55:01,LIKE,https://www.linkedin.com/feed/update/urn%3Ali%3Aactivity%3A7128705624325918720
2023-11-19 01:54:46,LIKE,https://www.linkedin.com/feed/update/urn%3Ali%3AugcPost%3A7128409312678268930
2023-11-18 16:13:30,LIKE,https://www.linkedin.com/feed/update/urn%3Ali%3Aactivity%3A7131623681075593218
2023-11-18 03:50:03,LIKE,https://www.linkedin.com/feed/update/urn%3Ali%3Aactivity%3A7128705358662938624
2023-11-17 22:28:11,LIKE,https://www.linkedin.com/feed/update/urn%3Ali%3Aactivity%3A7131264733512404993
2023-11-17 20:56:33,LIKE,https://www.linkedin.com/feed/update/urn%3Ali%3Aactivity%3A7131311046652260353
2023-11-17 16:42:59,LIKE,https://www.linkedin.com/feed/update/urn%3Ali%3Aactivity%3A7131279833203920896
2023-11-17 16:28:36,LIKE,https://www.linkedin.com/feed/update/urn%3Ali%3Aactivity%3A7131242111965794304
2023-11-17 04:35:42,LIKE,https://www.linkedin.com/feed/update/urn%3Ali%3Aactivity%3A7130915497130242048
2023-11-16 18:05:50,LIKE,https://www.linkedin.com/feed/update/urn%3Ali%3Aactivity%3A7130955934058635264
2023-11-16 16:09:12,LIKE,https://www.linkedin.com/feed/update/urn%3Ali%3Aactivity%3A7130914318010716160
2023-11-15 23:50:02,PRAISE,https://www.linkedin.com/feed/update/urn%3Ali%3Aactivity%3A7129818000295141376
2023-11-15 02:15:37,LIKE,https://www.linkedin.com/feed/update/urn%3Ali%3AugcPost%3A7130280263938453504
2023-11-11 03:36:46,LIKE,https://www.linkedin.com/feed/update/urn%3Ali%3AugcPost%3A7128730458158153728
2023-11-10 19:34:20,LIKE,https://www.linkedin.com/feed/update/urn%3Ali%3AugcPost%3A7128811166729945088
2023-11-09 22:07:02,LIKE,https://www.linkedin.com/feed/update/urn%3Ali%3Aactivity%3A7127645495165956097
2023-11-09 22:06:51,LIKE,https://www.linkedin.com/feed/update/urn%3Ali%3Aactivity%3A7128336556339118080
2023-11-09 22:06:10,LIKE,https://www.linkedin.com/feed/update/urn%3Ali%3Aactivity%3A7128327923400421377
2023-11-09 22:06:00,LIKE,https://www.linkedin.com/feed/update/urn%3Ali%3Aactivity%3A7128350510742401024
2023-11-09 20:24:00,LIKE,https://www.linkedin.com/feed/update/urn%3Ali%3Aactivity%3A7128415197513342976
2023-11-08 21:39:53,LIKE,https://www.linkedin.com/feed/update/urn%3Ali%3AgroupPost%3A40057-7127888046670168064
2023-11-08 02:06:06,LIKE,https://www.linkedin.com/feed/update/urn%3Ali%3Aactivity%3A7127799389770698752
2023-11-07 02:19:50,LIKE,https://www.linkedin.com/feed/update/urn%3Ali%3Aactivity%3A7127470691058106368
2023-11-02 18:18:53,LIKE,https://www.linkedin.com/feed/update/urn%3Ali%3Aactivity%3A7125795667632865280
2023-11-02 16:20:06,LIKE,https://www.linkedin.com/feed/update/urn%3Ali%3Aactivity%3A7125871986521612288
2023-10-31 17:15:09,LIKE,https://www.linkedin.com/feed/update/urn%3Ali%3Aactivity%3A7125120488317607936
2023-10-31 16:07:38,LIKE,https://www.linkedin.com/feed/update/urn%3Ali%3Aactivity%3A7125081222505992192
2023-10-30 23:20:44,LIKE,https://www.linkedin.com/feed/update/urn%3Ali%3Aactivity%3A7124851915238088704
2023-10-30 23:05:32,LIKE,https://www.linkedin.com/feed/update/urn%3Ali%3Aactivity%3A7124883272047767552
2023-10-30 19:22:18,ENTERTAINMENT,https://www.linkedin.com/feed/update/urn%3Ali%3AugcPost%3A7124717628345974785
2023-10-30 19:18:55,ENTERTAINMENT,https://www.linkedin.com/feed/update/urn%3Ali%3Aactivity%3A7124831556778491904
2023-10-30 14:46:55,LIKE,https://www.linkedin.com/feed/update/urn%3Ali%3AugcPost%3A7124701679676964864
2023-10-30 14:46:48,LIKE,https://www.linkedin.com/feed/update/urn%3Ali%3Aactivity%3A7124729316340289536
2023-10-30 13:21:07,LIKE,https://www.linkedin.com/feed/update/urn%3Ali%3Aactivity%3A7124719086671904769
2023-10-30 13:11:34,LIKE,https://www.linkedin.com/feed/update/urn%3Ali%3Aactivity%3A7124719176660770816
2023-10-28 02:28:42,LIKE,https://www.linkedin.com/feed/update/urn%3Ali%3Aactivity%3A7123647041167081472
2023-10-27 19:18:03,LIKE,https://www.linkedin.com/feed/update/urn%3Ali%3Aactivity%3A7119665752047022080
2023-10-27 18:43:26,LIKE,https://www.linkedin.com/feed/update/urn%3Ali%3Aactivity%3A7123732389020807170
2023-10-26 18:58:51,LIKE,https://www.linkedin.com/feed/update/urn%3Ali%3Aactivity%3A7123359294003003393
2023-10-26 12:07:27,LIKE,https://www.linkedin.com/feed/update/urn%3Ali%3Aactivity%3A7123257289142132737
2023-10-26 12:06:29,ENTERTAINMENT,https://www.linkedin.com/feed/update/urn%3Ali%3Aactivity%3A7123271496780627968
2023-10-25 10:55:51,LIKE,https://www.linkedin.com/feed/update/urn%3Ali%3AugcPost%3A7122774925165158400
2023-10-24 18:13:54,LIKE,https://www.linkedin.com/feed/update/urn%3Ali%3Aactivity%3A7120710207025885184
2023-10-24 15:05:45,LIKE,https://www.linkedin.com/feed/update/urn%3Ali%3Aactivity%3A7122555041973989377
2023-10-23 21:34:12,LIKE,https://www.linkedin.com/feed/update/urn%3Ali%3AugcPost%3A7122322127562620928
2023-10-23 16:37:52,LIKE,https://www.linkedin.com/feed/update/urn%3Ali%3AugcPost%3A7122247056273870848
2023-10-23 14:27:25,LIKE,https://www.linkedin.com/feed/update/urn%3Ali%3AugcPost%3A7122045818357882880
2023-10-23 14:27:12,LIKE,https://www.linkedin.com/feed/update/urn%3Ali%3Aactivity%3A7122159765295669249
2023-10-22 00:30:28,LIKE,https://www.linkedin.com/feed/update/urn%3Ali%3Aactivity%3A7121572705845297152
2023-10-21 16:44:23,LIKE,https://www.linkedin.com/feed/update/urn%3Ali%3Aactivity%3A7121525549713305600
2023-10-19 00:34:06,LIKE,https://www.linkedin.com/feed/update/urn%3Ali%3Aactivity%3A7120380040961302529
2023-10-16 16:48:50,LIKE,https://www.linkedin.com/feed/update/urn%3Ali%3Aactivity%3A7119718475404632064
2023-10-16 01:28:52,LIKE,https://www.linkedin.com/feed/update/urn%3Ali%3AugcPost%3A7119407693773074433
2023-10-13 23:29:12,LIKE,https://www.linkedin.com/feed/update/urn%3Ali%3Aactivity%3A7115712239491280896
2023-10-13 23:12:00,LIKE,https://www.linkedin.com/feed/update/urn%3Ali%3Aactivity%3A7118667041842081792
2023-10-13 13:29:59,LIKE,https://www.linkedin.com/feed/update/urn%3Ali%3AugcPost%3A7117923249547558912?commentUrn=urn%3Ali%3Acomment%3A%28ugcPost%3A7117923249547558912%2C7117924597823381504%29
2023-10-13 13:29:56,LIKE,https://www.linkedin.com/feed/update/urn%3Ali%3AugcPost%3A7117923249547558912?commentUrn=urn%3Ali%3Acomment%3A%28ugcPost%3A7117923249547558912%2C7117925977468338177%29
2023-10-13 13:29:55,LIKE,https://www.linkedin.com/feed/update/urn%3Ali%3AugcPost%3A7117923249547558912?commentUrn=urn%3Ali%3Acomment%3A%28ugcPost%3A7117923249547558912%2C7117926102693519360%29
2023-10-13 13:29:54,LIKE,https://www.linkedin.com/feed/update/urn%3Ali%3AugcPost%3A7117923249547558912?commentUrn=urn%3Ali%3Acomment%3A%28ugcPost%3A7117923249547558912%2C7117931584481075200%29
2023-10-13 13:29:52,LIKE,https://www.linkedin.com/feed/update/urn%3Ali%3AugcPost%3A7117923249547558912?commentUrn=urn%3Ali%3Acomment%3A%28ugcPost%3A7117923249547558912%2C7118585580594094080%29
2023-10-12 19:32:43,LIKE,https://www.linkedin.com/feed/update/urn%3Ali%3Aactivity%3A7118218573767938048
2023-10-10 21:18:47,LIKE,https://www.linkedin.com/feed/update/urn%3Ali%3AugcPost%3A7113136969680846848
2023-10-10 21:18:29,ENTERTAINMENT,https://www.linkedin.com/feed/update/urn%3Ali%3AugcPost%3A7117494179433226241
2023-10-09 21:32:56,LIKE,https://www.linkedin.com/feed/update/urn%3Ali%3Aactivity%3A7117258499780206593
2023-10-09 17:03:05,LIKE,https://www.linkedin.com/feed/update/urn%3Ali%3Aactivity%3A7117161791125618688
2023-10-09 14:53:38,LIKE,https://www.linkedin.com/feed/update/urn%3Ali%3Aactivity%3A7117108178512691200
2023-10-07 22:21:16,LIKE,https://www.linkedin.com/feed/update/urn%3Ali%3Aactivity%3A7116459881724821504
2023-10-07 16:00:40,LIKE,https://www.linkedin.com/feed/update/urn%3Ali%3Aactivity%3A7116414365435609088
2023-10-06 22:05:47,LIKE,https://www.linkedin.com/feed/update/urn%3Ali%3AugcPost%3A7116180763124858881
2023-10-06 20:43:24,LIKE,https://www.linkedin.com/feed/update/urn%3Ali%3Aactivity%3A7115289604840132608
2023-10-04 20:48:20,LIKE,https://www.linkedin.com/feed/update/urn%3Ali%3Aactivity%3A7114576005444337664
2023-10-04 15:21:39,LIKE,https://www.linkedin.com/feed/update/urn%3Ali%3Aactivity%3A7115108253868392448
2023-10-04 15:21:19,LIKE,https://www.linkedin.com/feed/update/urn%3Ali%3Aactivity%3A7115331827623428096
2023-09-30 14:49:25,LIKE,https://www.linkedin.com/feed/update/urn%3Ali%3Aactivity%3A7112459804828217344
2023-09-30 13:22:51,LIKE,https://www.linkedin.com/feed/update/urn%3Ali%3Aactivity%3A7110208475938373632
2023-09-29 19:46:49,LIKE,https://www.linkedin.com/feed/update/urn%3Ali%3Aactivity%3A7112435652473856001
2023-09-29 19:37:24,LIKE,https://www.linkedin.com/feed/update/urn%3Ali%3AugcPost%3A7111474398695469056
2023-09-29 12:43:10,LIKE,https://www.linkedin.com/feed/update/urn%3Ali%3AgroupPost%3A40057-7113378571347230720
2023-09-28 18:17:49,LIKE,https://www.linkedin.com/feed/update/urn%3Ali%3Aactivity%3A7090441758991405056
2023-09-28 10:51:25,LIKE,https://www.linkedin.com/feed/update/urn%3Ali%3Aactivity%3A7112933927392022528
2023-09-27 21:11:26,LIKE,https://www.linkedin.com/feed/update/urn%3Ali%3Aactivity%3A7112820691330097153
2023-09-27 20:43:53,LIKE,https://www.linkedin.com/feed/update/urn%3Ali%3Aactivity%3A7112888634839605248
2023-09-27 19:52:45,LIKE,https://www.linkedin.com/feed/update/urn%3Ali%3Aactivity%3A7112855494133714944
2023-09-27 19:52:16,LIKE,https://www.linkedin.com/feed/update/urn%3Ali%3Aactivity%3A7112818070951239682
2023-09-27 16:25:00,LIKE,https://www.linkedin.com/feed/update/urn%3Ali%3Aactivity%3A7112824884669427712
2023-09-27 11:23:05,LIKE,https://www.linkedin.com/feed/update/urn%3Ali%3Aactivity%3A7112751860767219712
2023-09-27 01:09:00,LIKE,https://www.linkedin.com/feed/update/urn%3Ali%3Aactivity%3A7112497855247847424
2023-09-23 23:51:18,LIKE,https://www.linkedin.com/feed/update/urn%3Ali%3Aactivity%3A7111464835531354112
2023-09-22 10:51:18,LIKE,https://www.linkedin.com/feed/update/urn%3Ali%3Aactivity%3A7110812408599752704
2023-09-21 15:25:48,LIKE,https://www.linkedin.com/feed/update/urn%3Ali%3Aactivity%3A7110625832536059904
2023-09-21 14:29:05,LIKE,https://www.linkedin.com/feed/update/urn%3Ali%3Aactivity%3A7110623615762509825
2023-09-20 11:23:46,LIKE,https://www.linkedin.com/feed/update/urn%3Ali%3Aactivity%3A7106984751365861377
2023-09-19 19:16:46,INTEREST,https://www.linkedin.com/feed/update/urn%3Ali%3Aactivity%3A7108441191297220608
2023-09-19 13:59:41,LIKE,https://www.linkedin.com/feed/update/urn%3Ali%3AugcPost%3A7109349077053550592
2023-09-19 13:23:33,INTEREST,https://www.linkedin.com/feed/update/urn%3Ali%3AugcPost%3A7109307619680354304
2023-09-19 12:38:17,LIKE,https://www.linkedin.com/feed/update/urn%3Ali%3Aactivity%3A7109868746868994048
2023-09-18 22:23:13,LIKE,https://www.linkedin.com/feed/update/urn%3Ali%3Aactivity%3A7109546990820032512
2023-09-18 22:04:34,INTEREST,https://www.linkedin.com/feed/update/urn%3Ali%3Aactivity%3A7108095083337375744
2023-09-18 16:40:29,LIKE,https://www.linkedin.com/feed/update/urn%3Ali%3Aactivity%3A7109564205585899521
2023-09-18 15:52:36,LIKE,https://www.linkedin.com/feed/update/urn%3Ali%3Aactivity%3A7105915526740111360
2023-09-18 15:51:43,LIKE,https://www.linkedin.com/feed/update/urn%3Ali%3Aactivity%3A7105251165725999106
2023-09-17 14:07:54,LIKE,https://www.linkedin.com/feed/update/urn%3Ali%3AgroupPost%3A40057-7109012843118678016
2023-09-17 13:00:07,LIKE,https://www.linkedin.com/feed/update/urn%3Ali%3Aactivity%3A7109142267440816128
2023-09-16 16:20:01,LIKE,https://www.linkedin.com/feed/update/urn%3Ali%3Aactivity%3A7108828580515622913
2023-09-16 10:59:44,LIKE,https://www.linkedin.com/feed/update/urn%3Ali%3AugcPost%3A7107710336228597760
2023-09-16 10:02:40,LIKE,https://www.linkedin.com/feed/update/urn%3Ali%3Aactivity%3A7108056837991641088
2023-09-15 21:07:35,LIKE,https://www.linkedin.com/feed/update/urn%3Ali%3Aactivity%3A7108552963169619968
2023-09-15 13:36:26,LIKE,https://www.linkedin.com/feed/update/urn%3Ali%3Aactivity%3A7108427431182528512
2023-09-15 10:21:26,LIKE,https://www.linkedin.com/feed/update/urn%3Ali%3Aactivity%3A7104851772984242178
2023-09-14 17:41:20,LIKE,https://www.linkedin.com/feed/update/urn%3Ali%3Aactivity%3A7105205203901059072
2023-09-14 16:56:51,LIKE,https://www.linkedin.com/feed/update/urn%3Ali%3Aactivity%3A7108102243354034176
2023-09-14 15:58:18,LIKE,https://www.linkedin.com/feed/update/urn%3Ali%3Aactivity%3A7108062026995806208
2023-09-14 14:51:21,LIKE,https://www.linkedin.com/feed/update/urn%3Ali%3Aactivity%3A7108069375793864704
2023-09-14 14:44:36,INTEREST,https://www.linkedin.com/feed/update/urn%3Ali%3Aactivity%3A7108047767712768000
2023-09-14 13:23:03,LIKE,https://www.linkedin.com/feed/update/urn%3Ali%3Aactivity%3A7104878412015489024
2023-09-14 13:16:16,LIKE,https://www.linkedin.com/feed/update/urn%3Ali%3Aactivity%3A7105520247075405824
2023-09-14 13:06:36,LIKE,https://www.linkedin.com/feed/update/urn%3Ali%3Aactivity%3A7106670237311234048
2023-09-14 12:16:49,LIKE,https://www.linkedin.com/feed/update/urn%3Ali%3Aactivity%3A7107752385250258944
2023-09-13 23:08:01,LIKE,https://www.linkedin.com/feed/update/urn%3Ali%3AugcPost%3A7104588308843802624
2023-09-13 21:50:09,LIKE,https://www.linkedin.com/feed/update/urn%3Ali%3Aactivity%3A7107822757702213633
2023-09-13 21:35:08,LIKE,https://www.linkedin.com/feed/update/urn%3Ali%3Aactivity%3A7107339570035179520
2023-09-13 21:25:29,LIKE,https://www.linkedin.com/feed/update/urn%3Ali%3AugcPost%3A7107819740517052416
2023-09-13 20:00:09,LIKE,https://www.linkedin.com/feed/update/urn%3Ali%3Aactivity%3A7107022275056480256
2023-09-13 16:13:51,LIKE,https://www.linkedin.com/feed/update/urn%3Ali%3Aactivity%3A7107745509972312064
2023-09-12 18:34:02,LIKE,https://www.linkedin.com/feed/update/urn%3Ali%3AugcPost%3A7107139204840570880
2023-09-11 18:47:28,LIKE,https://www.linkedin.com/feed/update/urn%3Ali%3Aactivity%3A7106997536384520192
2023-09-11 13:43:16,LIKE,https://www.linkedin.com/feed/update/urn%3Ali%3Aactivity%3A7105233193888329728
2023-09-11 10:36:15,LIKE,https://www.linkedin.com/feed/update/urn%3Ali%3AugcPost%3A7102436362632503296?commentUrn=urn%3Ali%3Acomment%3A%28ugcPost%3A7102436362632503296%2C7106418517427597312%29
2023-09-10 12:41:07,LIKE,https://www.linkedin.com/feed/update/urn%3Ali%3Aactivity%3A7106598014386896896
2023-09-06 15:07:01,LIKE,https://www.linkedin.com/feed/update/urn%3Ali%3AugcPost%3A7100598635762958336
2023-09-05 14:50:09,LIKE,https://www.linkedin.com/feed/update/urn%3Ali%3Aactivity%3A7104788137037447168
2023-09-05 01:21:28,LIKE,https://www.linkedin.com/feed/update/urn%3Ali%3Aactivity%3A7104425375153164288
2023-09-04 23:01:24,LIKE,https://www.linkedin.com/feed/update/urn%3Ali%3Aactivity%3A7104596884463190016
2023-09-04 15:48:53,LIKE,https://www.linkedin.com/feed/update/urn%3Ali%3AugcPost%3A7104196586431279104
2023-09-01 15:48:37,LIKE,https://www.linkedin.com/feed/update/urn%3Ali%3Aactivity%3A7103347763249098754
2023-08-31 12:18:58,LIKE,https://www.linkedin.com/feed/update/urn%3Ali%3Aactivity%3A7102868304360304640
2023-08-30 23:47:00,LIKE,https://www.linkedin.com/feed/update/urn%3Ali%3AugcPost%3A7102436362632503296?commentUrn=urn%3Ali%3Acomment%3A%28ugcPost%3A7102436362632503296%2C7102692000038105088%29
2023-08-30 20:02:47,LIKE,https://www.linkedin.com/feed/update/urn%3Ali%3Aactivity%3A7102685091759337472
2023-08-30 15:47:34,LIKE,https://www.linkedin.com/feed/update/urn%3Ali%3AugcPost%3A7102436362632503296?commentUrn=urn%3Ali%3Acomment%3A%28ugcPost%3A7102436362632503296%2C7102652934693269504%29
2023-08-30 15:47:33,LIKE,https://www.linkedin.com/feed/update/urn%3Ali%3AugcPost%3A7102436362632503296?commentUrn=urn%3Ali%3Acomment%3A%28ugcPost%3A7102436362632503296%2C7102675901573689344%29
2023-08-30 15:04:54,LIKE,https://www.linkedin.com/feed/update/urn%3Ali%3AugcPost%3A7102461731079151616
2023-08-30 12:07:35,LIKE,https://www.linkedin.com/feed/update/urn%3Ali%3Aactivity%3A7102591691785744384
2023-08-29 23:23:20,LIKE,https://www.linkedin.com/feed/update/urn%3Ali%3AugcPost%3A7102415772395683840
2023-08-29 19:29:59,LIKE,https://www.linkedin.com/feed/update/urn%3Ali%3Aactivity%3A7102273706072113152
2023-08-29 19:29:25,LIKE,https://www.linkedin.com/feed/update/urn%3Ali%3Aactivity%3A7099764715039444992
2023-08-29 19:27:24,LIKE,https://www.linkedin.com/feed/update/urn%3Ali%3Aactivity%3A7101920980729499648
2023-08-28 23:59:43,ENTERTAINMENT,https://www.linkedin.com/feed/update/urn%3Ali%3AugcPost%3A7100613106548006912?commentUrn=urn%3Ali%3Acomment%3A%28ugcPost%3A7100613106548006912%2C7102076967423741953%29
2023-08-28 17:39:06,LIKE,https://www.linkedin.com/feed/update/urn%3Ali%3AugcPost%3A7069670577656975360
2023-08-28 13:36:20,LIKE,https://www.linkedin.com/feed/update/urn%3Ali%3Aactivity%3A7101866023519174656
2023-08-26 21:00:43,LIKE,https://www.linkedin.com/feed/update/urn%3Ali%3Aactivity%3A7099849524134699009
2023-08-25 11:23:32,LIKE,https://www.linkedin.com/feed/update/urn%3Ali%3Aactivity%3A7100620996499361792
2023-08-24 23:36:16,LIKE,https://www.linkedin.com/feed/update/urn%3Ali%3AugcPost%3A7100613106548006912?commentUrn=urn%3Ali%3Acomment%3A%28ugcPost%3A7100613106548006912%2C7100617062892331008%29
2023-08-24 23:13:00,LIKE,https://www.linkedin.com/feed/update/urn%3Ali%3AugcPost%3A7100613106548006912?commentUrn=urn%3Ali%3Acomment%3A%28ugcPost%3A7100613106548006912%2C7100613512548233216%29
2023-08-24 23:12:59,LIKE,https://www.linkedin.com/feed/update/urn%3Ali%3AugcPost%3A7100613106548006912?commentUrn=urn%3Ali%3Acomment%3A%28ugcPost%3A7100613106548006912%2C7100615556566761472%29
2023-08-24 22:30:45,LIKE,https://www.linkedin.com/feed/update/urn%3Ali%3Aactivity%3A7099866154298417152
2023-08-24 21:14:26,LIKE,https://www.linkedin.com/feed/update/urn%3Ali%3Aactivity%3A7100583098320318464
2023-08-24 17:53:01,LIKE,https://www.linkedin.com/feed/update/urn%3Ali%3Aactivity%3A7100402720620052480
2023-08-24 17:52:23,LIKE,https://www.linkedin.com/feed/update/urn%3Ali%3AugcPost%3A7100463687815024640
2023-08-24 17:48:58,LIKE,https://www.linkedin.com/feed/update/urn%3Ali%3Aactivity%3A7100510389053890560
2023-08-22 13:26:48,LIKE,https://www.linkedin.com/feed/update/urn%3Ali%3AugcPost%3A7099729673764429824
2023-08-21 18:34:32,LIKE,https://www.linkedin.com/feed/update/urn%3Ali%3Aactivity%3A7099447595097370624
2023-08-18 23:43:36,LIKE,https://www.linkedin.com/feed/update/urn%3Ali%3Aactivity%3A7098410490585870336
2023-08-18 17:04:55,LIKE,https://www.linkedin.com/feed/update/urn%3Ali%3AugcPost%3A7092160697937084416?commentUrn=urn%3Ali%3Acomment%3A%28ugcPost%3A7092160697937084416%2C7098346582172983296%29
2023-08-15 16:23:12,LIKE,https://www.linkedin.com/feed/update/urn%3Ali%3Aactivity%3A7097247588843724801
2023-08-15 16:17:53,LIKE,https://www.linkedin.com/feed/update/urn%3Ali%3Aactivity%3A7097245895267692544
2023-08-14 01:13:42,LIKE,https://www.linkedin.com/feed/update/urn%3Ali%3AugcPost%3A7092160697937084416?commentUrn=urn%3Ali%3Acomment%3A%28ugcPost%3A7092160697937084416%2C7096617204628041729%29
2023-08-13 20:26:28,LIKE,https://www.linkedin.com/feed/update/urn%3Ali%3AugcPost%3A7092160697937084416?commentUrn=urn%3Ali%3Acomment%3A%28ugcPost%3A7092160697937084416%2C7096576704785096704%29
2023-08-13 17:39:48,LIKE,https://www.linkedin.com/feed/update/urn%3Ali%3Aactivity%3A7096488076708913152
2023-08-11 21:55:10,LIKE,https://www.linkedin.com/feed/update/urn%3Ali%3Aactivity%3A7095840250563837952
2023-08-09 20:06:40,LIKE,https://www.linkedin.com/feed/update/urn%3Ali%3Aactivity%3A7094369269102125056
2023-08-09 09:17:19,LIKE,https://www.linkedin.com/feed/update/urn%3Ali%3Aactivity%3A7094964799926616065
2023-08-08 14:26:44,LIKE,https://www.linkedin.com/feed/update/urn%3Ali%3Aactivity%3A7094648471957200896
2023-08-01 17:07:14,LIKE,https://www.linkedin.com/feed/update/urn%3Ali%3AugcPost%3A7092160697937084416?commentUrn=urn%3Ali%3Acomment%3A%28ugcPost%3A7092160697937084416%2C7092187959961001984%29
2023-08-01 16:57:27,LIKE,https://www.linkedin.com/feed/update/urn%3Ali%3AugcPost%3A7092160697937084416?commentUrn=urn%3Ali%3Acomment%3A%28ugcPost%3A7092160697937084416%2C7092185371249119233%29
2023-08-01 16:12:38,LIKE,https://www.linkedin.com/feed/update/urn%3Ali%3AugcPost%3A7092160697937084416?commentUrn=urn%3Ali%3Acomment%3A%28ugcPost%3A7092160697937084416%2C7092172321477566466%29
2023-08-01 16:12:37,LIKE,https://www.linkedin.com/feed/update/urn%3Ali%3AugcPost%3A7092160697937084416?commentUrn=urn%3Ali%3Acomment%3A%28ugcPost%3A7092160697937084416%2C7092164844392452096%29
2023-08-01 16:12:36,LIKE,https://www.linkedin.com/feed/update/urn%3Ali%3AugcPost%3A7092160697937084416?commentUrn=urn%3Ali%3Acomment%3A%28ugcPost%3A7092160697937084416%2C7092161721175277568%29
2023-08-01 16:12:35,LIKE,https://www.linkedin.com/feed/update/urn%3Ali%3AugcPost%3A7092160697937084416?commentUrn=urn%3Ali%3Acomment%3A%28ugcPost%3A7092160697937084416%2C7092164538082430976%29
2023-08-01 12:24:32,LIKE,https://www.linkedin.com/feed/update/urn%3Ali%3Aactivity%3A7092111742188544000
2023-08-01 01:04:37,LIKE,https://www.linkedin.com/feed/update/urn%3Ali%3Aactivity%3A7091884452422840321
2023-07-31 22:16:11,LIKE,https://www.linkedin.com/feed/update/urn%3Ali%3Aactivity%3A7091810651349643264
2023-07-31 19:21:50,LIKE,https://www.linkedin.com/feed/update/urn%3Ali%3Aactivity%3A7091854338460938241
2023-07-31 16:14:34,LIKE,https://www.linkedin.com/feed/update/urn%3Ali%3Aactivity%3A7091780728513867777
2023-07-31 15:33:48,LIKE,https://www.linkedin.com/feed/update/urn%3Ali%3Aactivity%3A7091794650604150784
2023-07-31 13:35:02,LIKE,https://www.linkedin.com/feed/update/urn%3Ali%3Aactivity%3A7089922332697206784
2023-07-31 13:32:23,LIKE,https://www.linkedin.com/feed/update/urn%3Ali%3Aactivity%3A7090074339299008512
2023-07-31 13:29:29,LIKE,https://www.linkedin.com/feed/update/urn%3Ali%3Aactivity%3A7091744941667737600
2023-07-30 23:51:53,LIKE,https://www.linkedin.com/feed/update/urn%3Ali%3AgroupPost%3A3990648-7091417704447844352
2023-07-28 16:02:49,LIKE,https://www.linkedin.com/feed/update/urn%3Ali%3Aactivity%3A7090678240603734017
2023-07-27 22:47:37,LIKE,https://www.linkedin.com/feed/update/urn%3Ali%3Aactivity%3A7090415785193480193
2023-07-27 17:24:24,LIKE,https://www.linkedin.com/feed/update/urn%3Ali%3Aactivity%3A7079799598147411969
2023-07-26 21:21:46,LIKE,https://www.linkedin.com/feed/update/urn%3Ali%3Aactivity%3A7089937426487422976
2023-07-26 21:21:37,LIKE,https://www.linkedin.com/feed/update/urn%3Ali%3AugcPost%3A7089966925203599360
2023-07-26 21:19:14,LIKE,https://www.linkedin.com/feed/update/urn%3Ali%3AgroupPost%3A7044693-7090037622412087296
2023-07-26 20:09:58,LIKE,https://www.linkedin.com/feed/update/urn%3Ali%3Aactivity%3A7089698884809023488
2023-07-26 19:20:03,LIKE,https://www.linkedin.com/feed/update/urn%3Ali%3Aactivity%3A7089984815537561600
2023-07-26 19:19:53,LIKE,https://www.linkedin.com/feed/update/urn%3Ali%3Aactivity%3A7087784901533417472
2023-07-19 22:48:43,LIKE,https://www.linkedin.com/feed/update/urn%3Ali%3Aactivity%3A7087400925710946304
2023-07-16 00:15:22,LIKE,https://www.linkedin.com/feed/update/urn%3Ali%3Aactivity%3A7086069497781981184
2023-07-13 20:59:13,LIKE,https://www.linkedin.com/feed/update/urn%3Ali%3AugcPost%3A7085339162282795010
2023-07-13 14:37:46,LIKE,https://www.linkedin.com/feed/update/urn%3Ali%3Aactivity%3A7085233915396857856
2023-07-13 13:38:57,LIKE,https://www.linkedin.com/feed/update/urn%3Ali%3Aactivity%3A7085209924703543296
2023-07-12 19:58:42,LIKE,https://www.linkedin.com/feed/update/urn%3Ali%3Aactivity%3A7084906336945082368
2023-07-12 12:52:35,LIKE,https://www.linkedin.com/feed/update/urn%3Ali%3Aactivity%3A7084827571107880960
2023-07-11 10:11:04,LIKE,https://www.linkedin.com/feed/update/urn%3Ali%3Aactivity%3A7084471776541294592
2023-07-10 21:12:56,LIKE,https://www.linkedin.com/feed/update/urn%3Ali%3Aactivity%3A7084275184190316544
2023-07-09 02:54:22,LIKE,https://www.linkedin.com/feed/update/urn%3Ali%3Aactivity%3A7083471075879096321
2023-07-08 23:43:59,LIKE,https://www.linkedin.com/feed/update/urn%3Ali%3Aactivity%3A7076938530999930880
2023-07-08 23:14:06,LIKE,https://www.linkedin.com/feed/update/urn%3Ali%3Aactivity%3A7083462361923092480
2023-07-06 13:04:31,LIKE,https://www.linkedin.com/feed/update/urn%3Ali%3AgroupPost%3A1895756-7082660022567993345
2023-07-05 19:18:28,LIKE,https://www.linkedin.com/feed/update/urn%3Ali%3Aactivity%3A7082418079707594752
2023-07-04 22:44:51,LIKE,https://www.linkedin.com/feed/update/urn%3Ali%3AugcPost%3A7082117609868918784
2023-07-04 14:48:20,LIKE,https://www.linkedin.com/feed/update/urn%3Ali%3AgroupPost%3A40057-7081969806144413696
2023-07-03 21:44:59,LIKE,https://www.linkedin.com/feed/update/urn%3Ali%3Aactivity%3A7081745195523858432
2023-07-03 14:01:33,LIKE,https://www.linkedin.com/feed/update/urn%3Ali%3AugcPost%3A7080549812898533376?commentUrn=urn%3Ali%3Acomment%3A%28ugcPost%3A7080549812898533376%2C7081630983535419393%29
2023-07-03 04:01:30,LIKE,https://www.linkedin.com/feed/update/urn%3Ali%3Aactivity%3A7081417051331805185
2023-07-02 22:42:41,LIKE,https://www.linkedin.com/feed/update/urn%3Ali%3Aactivity%3A7081385992238096384
2023-06-30 18:34:24,LIKE,https://www.linkedin.com/feed/update/urn%3Ali%3Aactivity%3A7080567189539332096
2023-06-30 15:42:12,LIKE,https://www.linkedin.com/feed/update/urn%3Ali%3AugcPost%3A7080549812898533376?commentUrn=urn%3Ali%3Acomment%3A%28ugcPost%3A7080549812898533376%2C7080555738300825600%29
2023-06-30 13:20:55,LIKE,https://www.linkedin.com/feed/update/urn%3Ali%3Aactivity%3A7080525135245393921
2023-06-29 18:32:00,LIKE,https://www.linkedin.com/feed/update/urn%3Ali%3AgroupPost%3A40057-7080156576333885441
2023-06-29 15:07:09,LIKE,https://www.linkedin.com/feed/update/urn%3Ali%3Aactivity%3A7079939046986137600
2023-06-29 00:58:10,LIKE,https://www.linkedin.com/feed/update/urn%3Ali%3Aactivity%3A7079927910043725824
2023-06-28 16:04:26,LIKE,https://www.linkedin.com/feed/update/urn%3Ali%3AgroupPost%3A40057-7079812982846730240
2023-06-28 04:17:37,LIKE,https://www.linkedin.com/feed/update/urn%3Ali%3Aactivity%3A7079510716885417984
2023-06-27 17:06:35,LIKE,https://www.linkedin.com/feed/update/urn%3Ali%3Aactivity%3A7079232571699544064
2023-06-27 17:06:27,LIKE,https://www.linkedin.com/feed/update/urn%3Ali%3AgroupPost%3A40057-7079348746131546112
2023-06-27 03:30:07,LIKE,https://www.linkedin.com/feed/update/urn%3Ali%3AgroupPost%3A121615-7078971949967708161
2023-06-26 19:05:21,LIKE,https://www.linkedin.com/feed/update/urn%3Ali%3AgroupPost%3A961087-7078363178279051264
2023-06-26 16:17:31,LIKE,https://www.linkedin.com/feed/update/urn%3Ali%3AgroupPost%3A40057-7079078883626553344
2023-06-25 21:41:50,LIKE,https://www.linkedin.com/feed/update/urn%3Ali%3AgroupPost%3A40057-7078717025052696576
2023-06-24 03:08:07,LIKE,https://www.linkedin.com/feed/update/urn%3Ali%3Aactivity%3A7078197588868366336
2023-06-23 23:14:12,LIKE,https://www.linkedin.com/feed/update/urn%3Ali%3AugcPost%3A7077039144991887360
2023-06-22 13:07:22,LIKE,https://www.linkedin.com/feed/update/urn%3Ali%3Aactivity%3A7077623765894856704
2023-06-19 23:48:49,LIKE,https://www.linkedin.com/feed/update/urn%3Ali%3Aactivity%3A7076678094895366144
2023-06-16 16:10:25,LIKE,https://www.linkedin.com/feed/update/urn%3Ali%3Aactivity%3A7075500714138963968
2023-06-15 17:53:21,LIKE,https://www.linkedin.com/feed/update/urn%3Ali%3AugcPost%3A7074916309158797312?commentUrn=urn%3Ali%3Acomment%3A%28ugcPost%3A7074916309158797312%2C7075120383363887104%29
2023-06-15 17:53:15,LIKE,https://www.linkedin.com/feed/update/urn%3Ali%3AugcPost%3A7074916309158797312?commentUrn=urn%3Ali%3Acomment%3A%28ugcPost%3A7074916309158797312%2C7075142337730945024%29
2023-06-15 14:19:52,LIKE,https://www.linkedin.com/feed/update/urn%3Ali%3AugcPost%3A7074916309158797312?commentUrn=urn%3Ali%3Acomment%3A%28ugcPost%3A7074916309158797312%2C7075114285252714496%29
2023-06-15 14:17:54,LIKE,https://www.linkedin.com/feed/update/urn%3Ali%3AugcPost%3A7074916309158797312?commentUrn=urn%3Ali%3Acomment%3A%28ugcPost%3A7074916309158797312%2C7075113360618397696%29
2023-06-15 14:17:53,LIKE,https://www.linkedin.com/feed/update/urn%3Ali%3AugcPost%3A7074916309158797312?commentUrn=urn%3Ali%3Acomment%3A%28ugcPost%3A7074916309158797312%2C7075113691012038656%29
2023-06-14 01:58:30,LIKE,https://www.linkedin.com/feed/update/urn%3Ali%3AugcPost%3A7074437771322433536
2023-06-09 23:03:27,LIKE,https://www.linkedin.com/feed/update/urn%3Ali%3AugcPost%3A7072991980586213376
2023-06-08 15:38:20,LIKE,https://www.linkedin.com/feed/update/urn%3Ali%3Aactivity%3A7072252367076741120
2023-06-08 13:22:53,LIKE,https://www.linkedin.com/feed/update/urn%3Ali%3Aactivity%3A7067967750161203201
2023-06-07 21:58:18,LIKE,https://www.linkedin.com/feed/update/urn%3Ali%3Aactivity%3A7072180991229874176
2023-06-07 20:08:45,LIKE,https://www.linkedin.com/feed/update/urn%3Ali%3AgroupPost%3A40057-7072187919695798273
2023-06-07 14:39:05,LIKE,https://www.linkedin.com/feed/update/urn%3Ali%3AgroupPost%3A3990648-7071770809572204545
2023-06-06 19:36:32,LIKE,https://www.linkedin.com/feed/update/urn%3Ali%3AgroupPost%3A40057-7071850952076447745
2023-06-06 18:27:43,LIKE,https://www.linkedin.com/feed/update/urn%3Ali%3Aactivity%3A7071864887819313152
2023-06-06 10:42:35,LIKE,https://www.linkedin.com/feed/update/urn%3Ali%3Aactivity%3A7071754242784382976
2023-06-06 00:55:33,LIKE,https://www.linkedin.com/feed/update/urn%3Ali%3Aactivity%3A7061498445995343872
2023-06-05 20:58:06,LIKE,https://www.linkedin.com/feed/update/urn%3Ali%3Aactivity%3A7071454978971742208
2023-06-02 12:23:50,LIKE,https://www.linkedin.com/feed/update/urn%3Ali%3Aactivity%3A7070356503882309632
2023-06-02 11:03:47,LIKE,https://www.linkedin.com/feed/update/urn%3Ali%3Aactivity%3A7070050447562018816
2023-06-01 16:28:19,LIKE,https://www.linkedin.com/feed/update/urn%3Ali%3Aactivity%3A7070012167470596096
2023-06-01 11:36:54,LIKE,https://www.linkedin.com/feed/update/urn%3Ali%3Aactivity%3A7068918916118454273
2023-05-28 12:05:13,LIKE,https://www.linkedin.com/feed/update/urn%3Ali%3Aactivity%3A7068555239360016384
2023-05-27 23:55:11,LIKE,https://www.linkedin.com/feed/update/urn%3Ali%3Aactivity%3A7068349002416627712
2023-05-25 12:06:08,LIKE,https://www.linkedin.com/feed/update/urn%3Ali%3AgroupPost%3A7036558-7067017881405825024
2023-05-23 12:33:16,LIKE,https://www.linkedin.com/feed/update/urn%3Ali%3Aactivity%3A7066752517153443840
2023-05-18 18:12:06,LIKE,https://www.linkedin.com/feed/update/urn%3Ali%3Aactivity%3A7064978189609025536
2023-05-18 17:38:54,LIKE,https://www.linkedin.com/feed/update/urn%3Ali%3AgroupPost%3A961087-7064961070544621568
2023-05-18 11:28:48,LIKE,https://www.linkedin.com/feed/update/urn%3Ali%3AugcPost%3A7060640467620626433?commentUrn=urn%3Ali%3Acomment%3A%28ugcPost%3A7060640467620626433%2C7064792182989217792%29
2023-05-17 11:30:28,LIKE,https://www.linkedin.com/feed/update/urn%3Ali%3Aactivity%3A7064560552643092481
2023-05-15 16:24:12,LIKE,https://www.linkedin.com/feed/update/urn%3Ali%3Aactivity%3A7063296650479288320
2023-05-15 15:42:36,LIKE,https://www.linkedin.com/feed/update/urn%3Ali%3AugcPost%3A7060640467620626433?commentUrn=urn%3Ali%3Acomment%3A%28ugcPost%3A7060640467620626433%2C7063893474072272896%29
2023-05-15 13:09:33,LIKE,https://www.linkedin.com/feed/update/urn%3Ali%3Aactivity%3A7063860586874298368
2023-05-15 11:32:33,LIKE,https://www.linkedin.com/feed/update/urn%3Ali%3Aactivity%3A7063830381954781184
2023-05-14 14:29:20,LIKE,https://www.linkedin.com/feed/update/urn%3Ali%3AugcPost%3A7060640467620626433?commentUrn=urn%3Ali%3Acomment%3A%28ugcPost%3A7060640467620626433%2C7062228812154945536%29
2023-05-13 15:30:50,LIKE,https://www.linkedin.com/feed/update/urn%3Ali%3Aactivity%3A7062750776690941952
2023-05-12 20:14:36,LIKE,https://www.linkedin.com/feed/update/urn%3Ali%3AugcPost%3A7062809259993964544
2023-05-12 20:11:20,LIKE,https://www.linkedin.com/feed/update/urn%3Ali%3Aactivity%3A7062831444464648192
2023-05-12 11:26:08,LIKE,https://www.linkedin.com/feed/update/urn%3Ali%3AugcPost%3A7062634408737976321
2023-05-11 23:33:35,LIKE,https://www.linkedin.com/feed/update/urn%3Ali%3Aactivity%3A7062417162392514560
2023-05-10 17:20:47,LIKE,https://www.linkedin.com/feed/update/urn%3Ali%3AugcPost%3A7062045564871335936
2023-05-10 14:31:33,LIKE,https://www.linkedin.com/feed/update/urn%3Ali%3Aactivity%3A7062033545627582464
2023-05-10 11:09:59,LIKE,https://www.linkedin.com/feed/update/urn%3Ali%3Aactivity%3A7061716446107549696
2023-05-10 11:07:23,LIKE,https://www.linkedin.com/feed/update/urn%3Ali%3AugcPost%3A7061970368013447168
2023-05-09 16:56:59,LIKE,https://www.linkedin.com/feed/update/urn%3Ali%3AugcPost%3A7061711745915981825
2023-05-09 12:21:36,LIKE,https://www.linkedin.com/feed/update/urn%3Ali%3AugcPost%3A7060640467620626433?commentUrn=urn%3Ali%3Acomment%3A%28ugcPost%3A7060640467620626433%2C7061675751913197569%29
2023-05-09 11:32:18,LIKE,https://www.linkedin.com/feed/update/urn%3Ali%3AugcPost%3A7060640467620626433?commentUrn=urn%3Ali%3Acomment%3A%28ugcPost%3A7060640467620626433%2C7060646013631369216%29
2023-05-09 11:32:17,LIKE,https://www.linkedin.com/feed/update/urn%3Ali%3AugcPost%3A7060640467620626433?commentUrn=urn%3Ali%3Acomment%3A%28ugcPost%3A7060640467620626433%2C7061523794871336960%29
2023-05-09 11:32:16,LIKE,https://www.linkedin.com/feed/update/urn%3Ali%3AugcPost%3A7060640467620626433?commentUrn=urn%3Ali%3Acomment%3A%28ugcPost%3A7060640467620626433%2C7061384920685850624%29
2023-05-06 00:47:51,LIKE,https://www.linkedin.com/feed/update/urn%3Ali%3AugcPost%3A7060198640081895424
2023-05-03 17:25:29,LIKE,https://www.linkedin.com/feed/update/urn%3Ali%3AugcPost%3A7059517816323866625
2023-05-02 18:58:26,LIKE,https://www.linkedin.com/feed/update/urn%3Ali%3Aactivity%3A7051583339757015040
2023-05-02 18:58:09,LIKE,https://www.linkedin.com/feed/update/urn%3Ali%3AgroupPost%3A40057-7059152116606500865
2023-04-28 22:00:07,LIKE,https://www.linkedin.com/feed/update/urn%3Ali%3Aactivity%3A7057760644401356800
2023-04-27 19:59:43,LIKE,https://www.linkedin.com/feed/update/urn%3Ali%3Aactivity%3A7057413356436996097
2023-04-27 19:13:53,LIKE,https://www.linkedin.com/feed/update/urn%3Ali%3AgroupPost%3A3926212-7056645126864990208
2023-04-26 20:40:44,LIKE,https://www.linkedin.com/feed/update/urn%3Ali%3AgroupPost%3A25827-7056933846365159424
2023-04-26 11:23:24,LIKE,https://www.linkedin.com/feed/update/urn%3Ali%3Aactivity%3A7056851939690479616
2023-04-25 16:12:28,LIKE,https://www.linkedin.com/feed/update/urn%3Ali%3Aactivity%3A7056582617101393920
2023-04-25 14:23:39,LIKE,https://www.linkedin.com/feed/update/urn%3Ali%3Aactivity%3A7056578842852737024
2023-04-20 19:41:02,LIKE,https://www.linkedin.com/feed/update/urn%3Ali%3Aactivity%3A7054875045512261632
2023-04-19 19:03:26,LIKE,https://www.linkedin.com/feed/update/urn%3Ali%3Aactivity%3A7054517559823335424
2023-04-18 20:53:08,LIKE,https://www.linkedin.com/feed/update/urn%3Ali%3AugcPost%3A7054158613828820992
2023-04-18 14:06:28,LIKE,https://www.linkedin.com/feed/update/urn%3Ali%3Aactivity%3A7053698637083680768
2023-04-17 13:26:15,LIKE,https://www.linkedin.com/feed/update/urn%3Ali%3Aactivity%3A7053717820710236161
2023-04-16 13:18:06,LIKE,https://www.linkedin.com/feed/update/urn%3Ali%3Aactivity%3A7053345904702951424
2023-04-15 23:29:02,LIKE,https://www.linkedin.com/feed/update/urn%3Ali%3AugcPost%3A7053043785768873984
2023-04-13 13:59:47,LIKE,https://www.linkedin.com/feed/update/urn%3Ali%3Aactivity%3A7051883479193591808
2023-04-13 13:58:52,LIKE,https://www.linkedin.com/feed/update/urn%3Ali%3Aactivity%3A7052249075072544768
2023-04-13 13:58:08,LIKE,https://www.linkedin.com/feed/update/urn%3Ali%3AugcPost%3A7052246374456672257
2023-04-12 12:26:19,LIKE,https://www.linkedin.com/feed/update/urn%3Ali%3Aactivity%3A7051821274599190528
2023-04-12 10:56:31,LIKE,https://www.linkedin.com/feed/update/urn%3Ali%3Aactivity%3A7051649093030342656
2023-04-12 10:38:15,LIKE,https://www.linkedin.com/feed/update/urn%3Ali%3Aactivity%3A7051235343362080768
2023-04-11 15:31:45,LIKE,https://www.linkedin.com/feed/update/urn%3Ali%3Aactivity%3A7049362560923369473
2023-04-11 13:09:52,LIKE,https://www.linkedin.com/feed/update/urn%3Ali%3Aactivity%3A7051534285853401088
2023-04-11 12:04:34,LIKE,https://www.linkedin.com/feed/update/urn%3Ali%3AugcPost%3A7051244087890305024
2023-04-11 11:49:50,LIKE,https://www.linkedin.com/feed/update/urn%3Ali%3Aactivity%3A7051287183869054976
2023-04-11 11:29:10,LIKE,https://www.linkedin.com/feed/update/urn%3Ali%3AugcPost%3A7051462222681690112
2023-04-10 19:30:01,LIKE,https://www.linkedin.com/feed/update/urn%3Ali%3Aactivity%3A7048358600200626176
2023-04-10 16:08:23,LIKE,https://www.linkedin.com/feed/update/urn%3Ali%3Aactivity%3A7051126161040437248
2023-04-10 15:58:15,LIKE,https://www.linkedin.com/feed/update/urn%3Ali%3Aactivity%3A7051164078005788672
2023-04-10 13:33:00,LIKE,https://www.linkedin.com/feed/update/urn%3Ali%3Aactivity%3A7050954736451166208
2023-04-09 00:31:13,LIKE,https://www.linkedin.com/feed/update/urn%3Ali%3AugcPost%3A7045036738087391233
2023-04-08 14:33:28,LIKE,https://www.linkedin.com/feed/update/urn%3Ali%3Aactivity%3A7048780327850319872
2023-04-08 13:43:32,LIKE,https://www.linkedin.com/feed/update/urn%3Ali%3Aactivity%3A7050457558876102656
2023-04-08 09:41:12,LIKE,https://www.linkedin.com/feed/update/urn%3Ali%3Aactivity%3A7049926294007889920
2023-04-07 14:07:29,LIKE,https://www.linkedin.com/feed/update/urn%3Ali%3AugcPost%3A7050097936055115776
2023-04-06 11:13:46,LIKE,https://www.linkedin.com/feed/update/urn%3Ali%3Aactivity%3A7049349990506201088
2023-04-06 11:13:31,LIKE,https://www.linkedin.com/feed/update/urn%3Ali%3Aactivity%3A7049340174261977088
2023-04-04 15:46:51,LIKE,https://www.linkedin.com/feed/update/urn%3Ali%3Aactivity%3A7048832975068631041
2023-04-04 14:40:18,LIKE,https://www.linkedin.com/feed/update/urn%3Ali%3AugcPost%3A7049021974055927808
2023-04-04 13:28:33,LIKE,https://www.linkedin.com/feed/update/urn%3Ali%3Aactivity%3A7048987584630272000
2023-04-03 13:20:21,LIKE,https://www.linkedin.com/feed/update/urn%3Ali%3Aactivity%3A7047668068507877376
2023-04-03 13:19:38,LIKE,https://www.linkedin.com/feed/update/urn%3Ali%3AugcPost%3A7047562709663412224
2023-04-01 12:28:40,LIKE,https://www.linkedin.com/feed/update/urn%3Ali%3AugcPost%3A7047710173401858048?commentUrn=urn%3Ali%3Acomment%3A%28ugcPost%3A7047710173401858048%2C7047906772707155968%29
2023-03-29 21:04:14,LIKE,https://www.linkedin.com/feed/update/urn%3Ali%3AugcPost%3A7046232373343989760
2022-03-24 14:50:16,LIKE,https://www.linkedin.com/feed/update/urn%3Ali%3AugcPost%3A6912752590967513088
2022-02-05 18:48:37,LIKE,https://www.linkedin.com/feed/update/urn%3Ali%3Aactivity%3A6895799231433515008
