Date,Link,OptionText
2024-01-01 14:46:05,https://www.linkedin.com/feed/update/urn:li:ugcPost:7147564135231254528,Conseguir uma vaga melhor
2023-12-23 16:03:19,https://www.linkedin.com/feed/update/urn:li:ugcPost:7144296718707204096,Software Engineer 
2023-12-21 20:10:50,https://www.linkedin.com/feed/update/urn:li:ugcPost:7143674197670633472,💻 Engineering
2023-12-20 19:43:57,https://www.linkedin.com/feed/update/urn:li:ugcPost:7143208369997213696,Novo emprego;
2023-12-18 16:32:49,https://www.linkedin.com/feed/update/urn:li:ugcPost:7142540791612170240,Remoto em tempo integral
2023-11-17 04:35:31,https://www.linkedin.com/feed/update/urn:li:ugcPost:7130976233483321344,Oracle SQL Developer
2023-11-13 22:46:07,https://www.linkedin.com/feed/update/urn:li:ugcPost:7129790020923666432,Analista de dados
2023-11-13 02:03:02,https://www.linkedin.com/feed/update/urn:li:ugcPost:7129554379962990592,SQL
2023-11-12 01:55:58,https://www.linkedin.com/feed/update/urn:li:ugcPost:7129259252518371329,Outros
2023-11-04 19:08:20,https://www.linkedin.com/feed/update/urn:li:ugcPost:7126632230340149248,Cientistas de dados
2023-10-30 14:15:48,https://www.linkedin.com/feed/update/urn:li:ugcPost:7124746946539315200,Uso com frequência
2023-10-08 13:29:35,https://www.linkedin.com/feed/update/urn:li:ugcPost:7116471852222324737,4x
2023-10-02 14:06:46,https://www.linkedin.com/feed/update/urn:li:ugcPost:7114604174859776000,"Não, mas gostaria"
2023-09-13 15:23:44,https://www.linkedin.com/feed/update/urn:li:ugcPost:7107714067116523521,"🙋 Yeah, duh!"
2023-08-24 17:31:58,https://www.linkedin.com/feed/update/urn:li:ugcPost:7100526067001548800,Finance
2023-08-13 22:55:07,https://www.linkedin.com/feed/update/urn:li:ugcPost:7094471955893952512,De 01 a 02 anos
2023-04-27 14:36:09,https://www.linkedin.com/feed/update/urn:li:groupPost:3926212-7056705849888534528,✅ Yes
2023-04-05 22:52:11,https://www.linkedin.com/feed/update/urn:li:ugcPost:7049377611877154816,Excel
2022-08-01 14:59:11,https://www.linkedin.com/feed/update/urn:li:ugcPost:6959878770170187778,500 Million 
2022-07-27 13:47:11,https://www.linkedin.com/feed/update/urn:li:ugcPost:6958050253841334273,4
